-121.758462,37.248263,6.18376747e+03
-122.588345,37.992504,2.22476142e+03
-121.794522,37.219006,6.85561904e+03
-121.912685,37.998266,1.73896590e+03
-121.707033,37.871461,1.02436252e+03
-121.708643,37.848819,6.53342749e+02
-121.767473,37.230107,5.62068760e+03
-121.773471,37.226679,6.05205330e+03
-122.332459,37.382406,9.76910413e+02
-121.998010,37.238643,6.93089933e+03
-122.106874,37.253904,2.07422454e+03
-122.085344,37.244538,2.53717291e+03
-121.949349,37.230238,7.80180791e+03
-121.763127,37.259491,8.48961612e+03
-121.707577,37.958260,3.33014619e+03
-121.719104,37.779761,7.63770265e+02
-121.728691,37.710492,2.65700882e+03
-121.735297,37.683155,2.45629611e+03
-121.839650,37.919711,1.70296036e+03
-121.809587,37.901365,1.44360742e+03
-121.790930,37.821661,8.85493204e+02
-121.730959,37.852488,7.52544779e+02
-121.720498,37.921545,1.91763261e+03
-122.528009,37.639879,5.25415908e+03
-122.413606,37.423145,7.93609267e+02
-121.917859,37.218698,8.26176099e+03
-121.974625,37.225869,6.48413404e+03
-121.965612,37.230957,7.16698621e+03
-121.981665,37.233898,7.16705080e+03
-121.975324,37.242550,9.66611537e+03
-121.966246,37.241916,9.04016953e+03
-121.777156,37.247910,7.64363640e+03
-121.774641,37.238282,6.20875831e+03
-121.780638,37.234854,6.90670840e+03
-121.789374,37.236135,6.14615496e+03
-121.767382,37.275853,9.76923698e+03
-122.006128,37.250445,8.95626234e+03
-121.720070,37.690035,2.10867526e+03
-121.729732,37.687641,2.47414877e+03
-121.723664,37.699592,1.89921331e+03
-121.733326,37.697198,2.05538407e+03
-121.761842,37.666689,3.02131361e+03
-121.742301,37.683581,4.14097936e+03
-121.750702,37.676879,3.43714784e+03
-121.828660,37.756715,2.42547330e+03
-121.884396,37.909181,1.72238886e+03
-121.727662,37.930038,2.05668229e+03
-122.282834,37.718024,6.00286483e+03
-122.014591,37.997741,4.43620754e+03
-122.478974,37.810704,1.65901449e+04
-122.492241,37.806393,1.36859752e+04
-122.329923,37.997861,4.57083699e+03
-122.572281,37.997650,1.86847727e+03
-122.466593,37.495516,1.74268365e+03
-122.448232,37.563859,4.18933564e+03
-122.481803,37.542865,2.20586835e+03
-122.325640,37.675522,4.07537179e+03
-122.240426,37.425225,6.24434191e+03
-122.226068,37.403876,4.22439354e+03
-122.261251,37.358708,1.50367248e+03
-122.210006,37.331313,1.64413412e+03
-122.152775,37.355351,4.28070545e+03
-121.939679,37.237205,1.00775939e+04
-121.941926,37.242676,1.12778751e+04
-121.954501,37.250507,1.11062063e+04
-121.945035,37.248921,1.16632465e+04
-121.963326,37.609816,5.77269652e+03
-121.822364,37.223465,9.04326395e+03
-121.809498,37.221425,8.30812787e+03
-121.797183,37.230379,7.85990449e+03
-121.822052,37.247977,1.07313008e+04
-121.761031,37.288013,8.16365094e+03
-121.740752,37.576913,8.15563638e+02
-121.817850,37.252614,1.06615397e+04
-122.025754,37.442647,5.75124207e+03
-122.043875,37.447638,5.41295525e+03
-122.040706,37.398710,1.06696664e+04
-121.764581,37.992351,4.34267545e+03
-121.768588,37.683148,2.99023209e+03
-121.758389,37.682614,3.51027767e+03
-121.747814,37.708803,3.61967726e+03
-121.746577,37.698447,3.29691541e+03
-121.749988,37.689316,2.62621075e+03
-121.772315,37.675988,1.95606838e+03
-121.773255,37.665263,2.42482620e+03
-121.782140,37.662445,2.87655189e+03
-121.809523,37.654224,4.84516454e+03
-121.790292,37.661159,2.82176487e+03
-121.880221,37.964962,2.66413264e+03
-121.904809,37.980219,2.26127185e+03
-121.913985,37.957421,3.37980921e+03
-121.942556,37.939730,3.61121587e+03
-121.711386,37.943352,2.56556837e+03
-121.718695,37.938590,3.06919040e+03
-121.718801,37.948368,4.72952175e+03
-122.112484,37.910136,6.67910460e+03
-122.139980,37.922878,4.79431929e+03
-122.113676,37.935857,6.77860903e+03
-122.238746,37.719430,7.32508010e+03
-121.965077,37.929889,4.83820170e+03
-121.971841,37.897077,4.20223966e+03
-122.015820,37.901441,6.63829864e+03
-122.099492,37.948462,6.15881486e+03
-122.090189,37.955884,6.45451107e+03
-122.521804,37.768454,1.33505852e+04
-122.476376,37.788138,2.05266334e+04
-122.470506,37.787474,2.26341546e+04
-122.145758,37.982550,3.43156664e+03
-122.170630,37.949553,2.94518479e+03
-122.202883,37.922963,3.82782170e+03
-122.453627,37.993399,2.12784410e+03
-122.582114,37.987016,2.87510867e+03
-122.576279,37.976289,3.27623935e+03
-122.487785,37.570313,2.48829251e+03
-122.326598,37.521784,7.79114023e+03
-122.434371,37.861565,5.55659017e+03
-122.406897,37.878331,4.42509793e+03
-122.307438,37.625583,3.95464162e+03
-122.357460,37.492791,3.70741023e+03
-122.319221,37.515215,7.32068289e+03
-122.286327,37.495444,6.83386070e+03
-122.227374,37.440331,7.69476197e+03
-122.261250,37.438965,5.74626253e+03
-122.281664,37.485485,6.53525286e+03
-122.318100,37.441314,2.50232531e+03
-122.331229,37.474178,3.76206451e+03
-122.163932,37.382753,6.79751896e+03
-122.086323,37.329689,9.51048030e+03
-122.076934,37.317270,8.71807427e+03
-122.003678,37.295492,1.31760778e+04
-122.142293,37.581674,4.10299526e+03
-121.834780,37.220840,8.83723665e+03
-121.911223,37.233487,9.53558887e+03
-121.925205,37.237604,9.65696692e+03
-122.032644,37.597563,1.05816379e+04
-121.814392,37.234868,9.21617782e+03
-121.819567,37.237983,9.36079752e+03
-121.817126,37.243052,1.08791367e+04
-121.805792,37.234965,9.27222684e+03
-121.812924,37.247689,1.08372513e+04
-121.797983,37.240721,8.37859322e+03
-121.803047,37.248010,8.50593767e+03
-121.934541,37.505223,6.26912185e+03
-121.919269,37.494920,5.20742489e+03
-121.915269,37.503595,5.75105923e+03
-121.944294,37.596715,4.98532712e+03
-121.978060,37.277967,1.31729915e+04
-121.976719,37.251051,9.97897397e+03
-121.991178,37.254201,1.06901665e+04
-121.996357,37.266790,1.06628805e+04
-121.989197,37.273205,1.22166629e+04
-121.982212,37.270015,1.28774132e+04
-121.970229,37.275731,1.32523948e+04
-121.947749,37.267810,1.39299509e+04
-121.882838,37.456966,5.89505266e+03
-121.891376,37.478819,5.48580485e+03
-121.827870,37.575944,1.46738352e+03
-121.871389,37.530001,3.11233903e+03
-121.756254,37.296167,6.92288965e+03
-121.787904,37.268611,1.18141725e+04
-121.790194,37.256252,9.98334516e+03
-121.801478,37.255194,1.00828006e+04
-122.007487,37.312626,1.56021853e+04
-122.004465,37.307722,1.47910542e+04
-121.814984,37.973116,2.40434895e+03
-121.801794,37.974752,3.24908962e+03
-121.802106,37.984886,1.86825635e+03
-121.776075,37.689907,3.97424857e+03
-121.793550,37.711660,3.83407222e+03
-121.763087,37.702190,4.49438720e+03
-121.873447,37.680412,3.96714917e+03
-121.891187,37.618698,3.36320569e+03
-121.915749,37.623434,3.68370456e+03
-121.862069,37.673920,4.91624621e+03
-121.832194,37.657070,4.27465752e+03
-121.792370,37.667333,2.86370212e+03
-121.781156,37.676213,2.30692583e+03
-121.784217,37.668620,2.61585592e+03
-121.859838,37.685022,5.34883708e+03
-121.915417,37.773650,4.26226123e+03
-121.952162,37.949235,3.11350211e+03
-121.944760,37.973203,4.60620503e+03
-121.932232,37.968362,4.02935660e+03
-121.741683,37.990138,4.42339588e+03
-121.749718,37.980736,4.28937382e+03
-121.720486,37.989722,3.25502707e+03
-121.714107,37.976827,3.34055757e+03
-121.722881,37.962678,3.55637528e+03
-121.737295,37.966171,4.45189107e+03
-121.743394,37.936106,3.53374922e+03
-121.746497,37.953672,4.84458453e+03
-121.765097,37.941736,5.07077612e+03
-122.070314,37.990072,6.53989540e+03
-122.077039,37.997185,4.49220562e+03
-122.057467,37.995281,6.47729483e+03
-122.079946,37.972507,7.37870170e+03
-122.091852,37.968259,6.58328064e+03
-122.085135,37.984099,5.34213429e+03
-122.316598,37.761555,8.89406899e+03
-122.324500,37.824389,1.05990809e+04
-122.321881,37.806370,1.12462351e+04
-122.351855,37.757292,1.34572642e+04
-122.159823,37.893504,4.27459413e+03
-122.184769,37.889100,5.31030752e+03
-122.181140,37.875973,5.84530238e+03
-122.159141,37.864343,5.58357397e+03
-122.193029,37.692728,8.97699643e+03
-122.216666,37.707713,8.31881542e+03
-121.997648,37.873828,4.70971202e+03
-122.011250,37.884090,6.12966342e+03
-122.021576,37.859106,4.89935195e+03
-121.998908,37.840758,3.10168443e+03
-122.015619,37.841468,3.72290978e+03
-121.941929,37.766419,5.37880670e+03
-121.923734,37.857565,2.49892022e+03
-121.954894,37.862842,3.55350161e+03
-122.520550,37.752871,1.31596630e+04
-122.521273,37.759204,1.15391604e+04
-122.574211,37.882385,3.38826334e+03
-122.576878,37.949746,4.14945644e+03
-122.561909,37.939282,4.79098002e+03
-122.284067,37.971841,5.49649996e+03
-122.231153,37.922549,5.73949205e+03
-122.270369,37.924245,9.35195673e+03
-122.252465,37.948227,5.33674254e+03
-122.445859,37.916649,4.00868175e+03
-122.450625,37.950100,3.72162060e+03
-122.566027,37.973123,3.65327332e+03
-122.562447,37.990185,3.06767383e+03
-122.571861,37.983850,2.62642286e+03
-122.512413,37.987723,2.99317354e+03
-122.510836,37.583231,2.75782866e+03
-122.498252,37.570451,2.81410807e+03
-122.424771,37.562848,5.08718304e+03
-122.383875,37.521134,3.95303506e+03
-122.424991,37.515984,2.49868431e+03
-122.402159,37.482735,2.08869245e+03
-122.443275,37.477585,2.21204532e+03
-122.353966,37.545250,8.19926117e+03
-122.482310,37.862843,4.36469980e+03
-122.495983,37.832204,6.95756521e+03
-122.346462,37.592426,6.32101405e+03
-122.305374,37.565052,7.50611489e+03
-122.256893,37.455682,7.33849893e+03
-122.305383,37.550580,8.43962369e+03
-122.196734,37.408911,6.63132644e+03
-122.176400,37.403696,7.09548898e+03
-122.210644,37.436738,8.34703530e+03
-122.212379,37.445160,7.70459003e+03
-122.114912,37.346979,7.65857401e+03
-122.095468,37.340467,8.88601727e+03
-122.085560,37.351189,1.13948970e+04
-122.088581,37.360445,1.07074826e+04
-122.010299,37.272166,1.13185444e+04
-122.019609,37.260915,8.27865622e+03
-122.051217,37.546825,8.83230230e+03
-122.028821,37.568696,1.14771309e+04
-122.088547,37.599870,9.76571434e+03
-122.088503,37.612399,9.75650134e+03
-122.078415,37.606096,9.66813786e+03
-122.063145,37.610128,1.05620552e+04
-122.075939,37.624286,1.06881654e+04
-122.074925,37.616304,9.36090479e+03
-122.038077,37.567145,1.06428479e+04
-122.048983,37.556380,9.95532185e+03
-122.164320,37.615827,4.25229807e+03
-122.198606,37.572858,3.56578483e+03
-121.835111,37.231733,1.06094939e+04
-121.842216,37.234531,1.15419073e+04
-121.827869,37.237473,1.14888527e+04
-121.851476,37.209116,7.26667857e+03
-121.846474,37.214853,7.68863974e+03
-121.890448,37.268998,1.69032838e+04
-121.882531,37.275177,1.70443579e+04
-121.930510,37.247456,1.03985390e+04
-121.922830,37.245877,1.06247012e+04
-121.914595,37.252354,1.08538592e+04
-121.933619,37.253701,1.21799460e+04
-121.915414,37.262675,1.30831387e+04
-121.900440,37.235764,1.05585093e+04
-121.936133,37.755274,5.57730050e+03
-121.922999,37.757628,5.42048005e+03
-121.984160,37.723536,5.66133507e+03
-122.117567,37.644260,1.12349222e+04
-122.119594,37.657669,1.16017539e+04
-122.107413,37.649834,1.15680926e+04
-121.945628,37.508257,7.20745325e+03
-121.923280,37.514782,6.38396610e+03
-121.936372,37.516042,6.51734401e+03
-121.916897,37.486600,5.71470798e+03
-121.913164,37.480370,5.94187420e+03
-121.916326,37.468317,6.31138328e+03
-121.911795,37.460441,5.63530766e+03
-121.899828,37.465545,5.87944408e+03
-121.908633,37.472494,5.35605995e+03
-121.979234,37.285211,1.51873168e+04
-121.971541,37.258282,1.22681586e+04
-121.976140,37.264751,1.13535252e+04
-121.969663,37.269915,1.35384368e+04
-121.958400,37.258372,1.22734395e+04
-121.957868,37.265700,1.30798876e+04
-121.874315,37.440741,8.28060538e+03
-121.831610,37.390168,1.37245922e+04
-121.842340,37.392671,1.24628896e+04
-122.015569,37.394761,1.13041444e+04
-122.027495,37.393412,1.15125131e+04
-122.029646,37.388145,1.14734843e+04
-121.995689,37.449143,5.52162022e+03
-121.980994,37.488244,7.50697915e+03
-121.938359,37.466393,6.12516018e+03
-121.935340,37.453972,6.92493828e+03
-121.951818,37.477748,6.62352239e+03
-121.968272,37.487450,7.83637194e+03
-122.020055,37.368947,1.41183468e+04
-122.056979,37.315245,1.08186011e+04
-122.029375,37.339398,1.52907548e+04
-122.034248,37.334236,1.61882877e+04
-122.037131,37.359072,1.42209313e+04
-122.030611,37.348037,1.42043122e+04
-122.035785,37.351769,1.37196370e+04
-122.025062,37.364508,1.35359907e+04
-122.031835,37.364806,1.27506571e+04
-121.996296,37.311510,1.57117137e+04
-121.884647,37.280889,1.73750025e+04
-121.814570,37.990956,3.21457754e+03
-121.870319,37.995466,2.09217811e+03
-121.820758,37.996661,3.06390051e+03
-121.785500,37.994527,3.54240637e+03
-121.780493,37.985966,2.51477577e+03
-121.788947,37.982073,3.12689074e+03
-121.788635,37.971939,2.79299089e+03
-121.937684,37.690820,4.69073323e+03
-121.925357,37.678534,5.73931923e+03
-121.921493,37.687378,6.91426024e+03
-121.923388,37.700987,6.26319982e+03
-121.879109,37.675756,3.77394996e+03
-121.878729,37.667958,3.84804886e+03
-121.872674,37.663887,5.35078008e+03
-121.861676,37.665192,4.57894459e+03
-121.864761,37.653223,4.41665897e+03
-121.853763,37.654528,4.35930592e+03
-121.794832,37.676062,3.24417167e+03
-121.812061,37.700511,5.19020207e+03
-121.786361,37.688410,3.14975123e+03
-121.787716,37.681877,3.28018053e+03
-121.838373,37.705766,5.14444697e+03
-121.815425,37.672734,5.77481270e+03
-121.836284,37.685787,6.43847281e+03
-121.868745,37.717574,4.57032416e+03
-121.861133,37.714364,3.60435029e+03
-121.865515,37.696579,4.04320553e+03
-121.903776,37.773608,4.41329005e+03
-121.879906,37.771772,3.13989127e+03
-122.098306,37.994722,3.24422000e+03
-122.093554,37.986844,4.63623263e+03
-122.104314,37.985055,3.67500874e+03
-122.099562,37.977177,4.31930764e+03
-122.296494,37.744808,9.10868649e+03
-122.308281,37.754847,9.26563873e+03
-122.353464,37.798410,1.27099735e+04
-122.358899,37.776493,1.46188366e+04
-122.197142,37.864445,8.57971503e+03
-122.122367,37.890697,5.31545276e+03
-122.143403,37.887044,5.70014910e+03
-122.146350,37.871010,5.51033065e+03
-122.128271,37.860049,5.23415123e+03
-122.168604,37.696883,9.56001988e+03
-122.159510,37.689315,9.72900182e+03
-122.203560,37.724786,1.28138796e+04
-122.208397,37.742228,1.54263329e+04
-122.037998,37.864371,4.34173254e+03
-122.026261,37.889513,5.90655392e+03
-122.038113,37.877427,6.01358653e+03
-122.096924,37.914248,5.87819442e+03
-122.091240,37.930387,7.27897549e+03
-121.976957,37.804476,4.61659074e+03
-121.973156,37.826294,4.15594629e+03
-121.967675,37.811316,4.96504051e+03
-121.991363,37.827458,4.52570072e+03
-121.990082,37.812078,4.65689741e+03
-121.914403,37.816137,3.39954199e+03
-121.895291,37.799700,3.70794456e+03
-121.901272,37.787171,4.89025868e+03
-121.950351,37.788827,5.55474314e+03
-121.951589,37.802971,4.61655858e+03
-121.924419,37.783747,5.14687779e+03
-121.937797,37.778870,5.89557219e+03
-121.915605,37.796395,5.62063277e+03
-121.930220,37.805662,4.69642460e+03
-122.078059,37.950351,7.45498944e+03
-122.064366,37.967433,8.52481938e+03
-122.034386,37.941717,8.06859623e+03
-122.024137,37.941167,8.67132809e+03
-121.958095,37.981387,5.18697285e+03
-121.978713,37.992184,5.46311397e+03
-122.014486,37.917116,7.22733951e+03
-122.011120,37.926319,7.63693190e+03
-122.021781,37.930864,7.81208736e+03
-121.984096,37.937253,6.30599467e+03
-122.000353,37.936888,7.89759665e+03
-122.020315,37.959524,6.95670517e+03
-122.017276,37.949621,7.90300413e+03
-122.497681,37.775855,1.55825636e+04
-122.506078,37.772526,1.47022751e+04
-122.503763,37.757766,1.42547625e+04
-122.503466,37.764552,1.22881313e+04
-122.494189,37.764579,1.47807708e+04
-122.498754,37.769258,1.36341492e+04
-122.397676,37.635740,9.43080868e+03
-122.430741,37.595334,7.51886454e+03
-122.254218,37.996068,3.93286661e+03
-122.254078,37.977847,3.40474375e+03
-122.276018,37.977972,4.11315233e+03
-122.292751,37.987804,4.84013648e+03
-122.200052,37.989430,1.83622212e+03
-122.232392,37.993862,2.79095027e+03
-122.548349,37.962425,3.87803111e+03
-122.489364,37.963556,3.60734687e+03
-122.496971,37.975996,3.56671901e+03
-122.490173,37.597963,3.95337928e+03
-122.479706,37.597825,4.69183321e+03
-122.470513,37.611770,7.56000604e+03
-122.502757,37.610743,4.56613452e+03
-122.408929,37.551644,4.81309397e+03
-122.418961,37.559583,5.08925243e+03
-122.328253,37.531656,8.80435930e+03
-122.335667,37.539147,9.42412547e+03
-122.335956,37.525130,7.45775228e+03
-122.343370,37.532621,7.85436680e+03
-122.465819,37.787812,2.23445247e+04
-122.505648,37.838828,5.20389016e+03
-122.506064,37.875652,4.88912490e+03
-122.409312,37.955498,4.71741733e+03
-122.237370,37.451004,7.38160853e+03
-122.246065,37.452614,6.17560117e+03
-122.230699,37.458739,7.02346644e+03
-122.239394,37.460349,6.47471678e+03
-122.256480,37.465298,6.49994505e+03
-122.264415,37.473590,7.13197659e+03
-122.243965,37.472252,5.52565742e+03
-122.245031,37.465424,5.94819253e+03
-122.262817,37.483066,7.17951371e+03
-122.175751,37.538332,3.80905968e+03
-122.227212,37.507925,9.59837629e+03
-122.276695,37.489510,6.82927836e+03
-122.270434,37.489027,7.80152822e+03
-122.315163,37.526289,7.95797671e+03
-122.315031,37.539938,7.79622351e+03
-122.319857,37.534263,8.17731216e+03
-122.274238,37.508065,8.60104313e+03
-122.277527,37.496363,8.60986401e+03
-122.287159,37.502297,7.21049280e+03
-122.286717,37.508175,7.38575989e+03
-122.268419,37.501704,7.84293842e+03
-122.271266,37.495880,8.27793391e+03
-122.300399,37.515185,7.84386055e+03
-122.290787,37.513859,8.52801345e+03
-122.274014,37.515386,7.83167309e+03
-122.281844,37.520177,7.80147473e+03
-122.201818,37.439372,9.11713175e+03
-122.191186,37.428225,8.10754965e+03
-122.200083,37.430950,8.45228974e+03
-122.182976,37.475193,1.03747180e+04
-122.173638,37.477958,9.20143671e+03
-122.184924,37.483339,8.32874637e+03
-122.126866,37.511898,4.71699564e+03
-122.148835,37.516959,4.64232318e+03
-122.163424,37.470915,6.57037109e+03
-122.152218,37.418622,9.32950171e+03
-122.159756,37.419138,8.94111766e+03
-122.183123,37.432453,7.40899002e+03
-122.172028,37.428581,8.14807806e+03
-122.142183,37.419423,8.11291940e+03
-122.115280,37.363807,8.27157067e+03
-122.065381,37.408812,1.08084266e+04
-122.055770,37.399134,1.14126750e+04
-122.056327,37.394219,1.20866842e+04
-122.054130,37.386721,1.29189998e+04
-122.077295,37.348838,1.19013054e+04
-122.065564,37.337502,1.15738577e+04
-122.073376,37.336366,1.14054272e+04
-122.009342,37.290766,1.36087917e+04
-122.013952,37.281293,1.03274420e+04
-122.030820,37.263852,7.37114733e+03
-122.067837,37.300225,8.03733384e+03
-122.126203,37.268644,1.93487702e+03
-122.153902,37.295119,1.90776690e+03
-122.028019,37.581822,9.95241517e+03
-122.025194,37.575015,9.76813738e+03
-122.035154,37.581817,9.45386599e+03
-122.071489,37.628686,1.04532591e+04
-122.086111,37.712474,1.00659497e+04
-122.216037,37.597796,3.26448864e+03
-122.218601,37.646082,3.31213413e+03
-122.268125,37.609722,3.94438877e+03
-122.293991,37.572079,7.57938925e+03
-121.863539,37.211902,7.48038122e+03
-121.887201,37.217209,8.72328525e+03
-121.897076,37.224205,1.00972612e+04
-121.853933,37.219865,8.32852688e+03
-121.861804,37.216785,8.28623129e+03
-121.890168,37.262484,1.43384361e+04
-121.878641,37.256417,1.57205376e+04
-121.879118,37.261490,1.48003533e+04
-121.871779,37.265775,1.65534357e+04
-121.874911,37.272948,1.71198998e+04
-121.860218,37.264027,1.63675223e+04
-121.856302,37.269590,1.58415729e+04
-121.866591,37.280266,1.84570086e+04
-121.859542,37.278656,1.81065033e+04
-121.839139,37.245083,1.16710045e+04
-121.829323,37.250470,1.20628671e+04
-121.832700,37.245034,1.15342801e+04
-121.862542,37.253156,1.57999788e+04
-121.858481,37.258370,1.51867834e+04
-121.849718,37.270080,1.52781076e+04
-121.839655,37.266532,1.18883033e+04
-121.844762,37.262754,1.38972576e+04
-121.902453,37.257041,1.48040679e+04
-121.895251,37.256249,1.35796050e+04
-121.907624,37.249935,1.19355232e+04
-121.903668,37.242669,1.11749816e+04
-121.894195,37.245792,1.31772167e+04
-121.890949,37.252266,1.24798267e+04
-122.017962,37.604649,8.86078266e+03
-122.058444,37.618482,1.02556873e+04
-122.065774,37.629058,1.13698459e+04
-121.938915,37.738951,5.95861221e+03
-121.942755,37.747876,5.83735194e+03
-121.955780,37.750365,4.66690298e+03
-121.956516,37.734537,4.92556628e+03
-121.946036,37.728747,4.55885327e+03
-121.912146,37.753086,6.79203185e+03
-121.900067,37.761938,4.48096476e+03
-121.879506,37.730680,5.00596120e+03
-121.882178,37.747572,5.60897305e+03
-122.076206,37.712188,9.23769224e+03
-121.990474,37.797316,3.79747462e+03
-121.995771,37.745399,5.15464433e+03
-121.977350,37.789714,4.83117040e+03
-122.103561,37.656313,1.16616909e+04
-122.098146,37.653759,1.07692805e+04
-122.094991,37.661006,1.06776155e+04
-122.097818,37.667931,1.10917429e+04
-121.941316,37.526106,5.85912533e+03
-121.907759,37.453937,6.73605866e+03
-121.898240,37.453178,6.43486140e+03
-121.863237,37.425111,1.02415121e+04
-121.848950,37.398638,1.10389827e+04
-121.828621,37.380364,1.46569311e+04
-121.820944,37.385851,1.17345191e+04
-121.775715,37.566634,9.79756073e+02
-121.813629,37.485643,1.97120520e+03
-121.832254,37.402426,1.02748512e+04
-121.757571,37.576398,9.10737793e+02
-121.772688,37.467762,1.53836751e+03
-121.761848,37.308351,7.53255497e+03
-121.742686,37.437636,1.53696794e+03
-121.757040,37.459794,1.41684795e+03
-121.795271,37.289115,1.48042273e+04
-121.799873,37.273341,1.12553095e+04
-121.804067,37.279452,1.50070316e+04
-122.009900,37.398360,1.02686197e+04
-121.997449,37.410522,9.73156874e+03
-122.022316,37.380591,1.28155913e+04
-122.018140,37.375541,1.35925465e+04
-122.011731,37.381549,1.16972844e+04
-122.020310,37.386967,1.25348886e+04
-122.014742,37.388896,1.26132359e+04
-122.001519,37.376360,1.30324628e+04
-122.029444,37.325804,1.31753332e+04
-122.019050,37.321933,1.47711380e+04
-122.047961,37.312404,1.08809457e+04
-122.031177,37.311049,1.26052903e+04
-122.044620,37.320742,1.06289504e+04
-122.035569,37.319739,1.15802432e+04
-122.042929,37.335188,1.46918395e+04
-122.047177,37.327759,1.15709168e+04
-122.058223,37.333250,1.26099555e+04
-122.056080,37.325115,1.02571823e+04
-122.048631,37.348289,1.30390637e+04
-122.042240,37.347583,1.45502560e+04
-122.050771,37.340928,1.30340053e+04
-122.044380,37.340222,1.31129933e+04
-121.992481,37.305804,1.46194822e+04
-121.996958,37.294662,1.40173583e+04
-121.981151,37.299288,1.47467424e+04
-121.982485,37.306376,1.63550994e+04
-121.991809,37.287225,1.42678107e+04
-121.985997,37.291279,1.36345159e+04
-121.896693,37.272474,1.66197280e+04
-121.894984,37.279276,1.64989404e+04
-121.909605,37.269966,1.53742419e+04
-121.903614,37.266752,1.59607246e+04
-121.870786,37.289748,1.92137416e+04
-121.923380,37.277533,1.76170421e+04
-121.921602,37.266783,1.44686423e+04
-121.935928,37.267075,1.50084468e+04
-121.930733,37.261881,1.39771024e+04
-121.939815,37.280141,1.52490698e+04
-121.936397,37.285697,1.53315628e+04
-121.933875,37.274931,1.59931812e+04
-121.930457,37.280488,1.64318355e+04
-121.827990,37.983187,2.84938635e+03
-121.827264,37.990893,3.12884650e+03
-121.848480,37.985563,2.07520652e+03
-121.847754,37.993269,1.95616159e+03
-121.758915,37.961957,5.33731479e+03
-121.763020,37.975470,5.77199320e+03
-121.770897,37.978487,3.69688679e+03
-121.773512,37.959331,3.47136580e+03
-121.780177,37.969552,3.70514129e+03
-121.931819,37.712505,5.33596581e+03
-121.940937,37.719333,4.54066218e+03
-121.942250,37.711182,5.13165800e+03
-121.897320,37.677636,4.93520077e+03
-121.889070,37.674299,4.11058794e+03
-121.907463,37.675019,4.85706291e+03
-121.888690,37.666501,3.66701757e+03
-121.911327,37.666175,4.19906411e+03
-121.900804,37.660995,3.65104883e+03
-121.892255,37.685209,5.01962481e+03
-121.878343,37.686528,5.82354586e+03
-121.872641,37.691593,5.66077273e+03
-121.871959,37.703347,4.70501566e+03
-121.878568,37.712610,5.18512568e+03
-121.870956,37.709400,4.66445012e+03
-121.879086,37.698361,5.05944113e+03
-121.904714,37.701089,6.00736552e+03
-121.892789,37.693733,4.61905685e+03
-122.287185,37.778177,1.33149814e+04
-122.287672,37.786757,1.26133282e+04
-122.237919,37.778238,1.30285973e+04
-122.392315,37.773117,2.10104723e+04
-122.380078,37.739962,1.96097383e+04
-122.384329,37.741954,1.97740092e+04
-122.220376,37.836161,1.45111880e+04
-122.188590,37.839956,9.90640964e+03
-122.196277,37.846779,9.92789512e+03
-122.211288,37.835174,1.43652415e+04
-122.186639,37.794286,1.42188192e+04
-122.113166,37.879998,5.03144332e+03
-122.116124,37.865383,5.20821538e+03
-122.094611,37.856777,5.62556539e+03
-122.100100,37.842829,4.80696633e+03
-122.073284,37.842158,5.51197495e+03
-122.173533,37.716323,1.13006227e+04
-122.167828,37.706909,9.09265538e+03
-122.177467,37.720308,1.12686204e+04
-122.164559,37.764828,1.06516741e+04
-122.054883,37.854349,5.02901211e+03
-122.051354,37.861183,4.58573649e+03
-122.089505,37.897833,7.58311799e+03
-122.027353,37.962445,7.65194625e+03
-122.035462,37.957558,7.56495090e+03
-122.041806,37.960754,7.61555825e+03
-122.015743,37.968069,6.20042618e+03
-121.975615,37.949394,5.90737272e+03
-121.966202,37.951535,4.34242126e+03
-121.969358,37.959100,5.27572585e+03
-122.000041,37.951521,8.06110071e+03
-122.008725,37.953709,7.07672980e+03
-122.004522,37.974184,6.69724834e+03
-122.009284,37.966047,6.21756761e+03
-122.489949,37.782068,1.77125477e+04
-122.492058,37.778493,1.56583345e+04
-122.505131,37.778456,1.43249198e+04
-122.501447,37.777078,1.42064546e+04
-122.498877,37.782422,1.42484258e+04
-122.495192,37.781044,1.45119840e+04
-122.542969,37.916761,4.31887891e+03
-122.546672,37.932486,4.23221939e+03
-122.559742,37.920379,3.94599750e+03
-122.488975,37.770091,1.75353731e+04
-122.461124,37.679924,1.43496373e+04
-122.295894,37.868036,1.22291912e+04
-122.324190,37.843363,1.11445887e+04
-122.270756,37.861500,1.09645056e+04
-122.292809,37.870038,1.05705443e+04
-122.278062,37.904095,9.21918251e+03
-122.272285,37.901780,9.14073257e+03
-122.237866,37.881074,1.00157900e+04
-122.217070,37.863908,1.17705408e+04
-122.228854,37.873046,1.19269884e+04
-122.225293,37.847229,1.42475812e+04
-122.533095,37.922485,4.69451767e+03
-122.499761,37.886449,3.96858526e+03
-122.482525,37.909787,4.38509784e+03
-122.496032,37.923336,5.14685207e+03
-122.474522,37.887583,4.25870869e+03
-122.485673,37.880264,4.08979864e+03
-122.528783,37.985946,3.87298236e+03
-122.520771,37.973261,4.09650884e+03
-122.528321,37.970832,3.23842777e+03
-122.500510,37.637265,8.09798372e+03
-122.498746,37.624784,7.54970800e+03
-122.483869,37.645138,8.98811629e+03
-122.476968,37.625949,8.33519492e+03
-122.474244,37.638224,8.15139936e+03
-122.363778,37.595587,6.88111019e+03
-122.401019,37.594104,6.56929750e+03
-122.395209,37.590839,6.40267610e+03
-122.393952,37.596525,6.94405360e+03
-122.333275,37.548096,8.48230056e+03
-122.353574,37.560979,6.85447350e+03
-122.340586,37.557299,6.88836382e+03
-122.333406,37.561421,6.47056215e+03
-122.311001,37.565250,8.43886515e+03
-122.314138,37.571545,6.15489454e+03
-122.465109,37.816097,1.76834396e+04
-122.386987,37.985518,5.35877952e+03
-122.396853,37.972800,5.37866122e+03
-122.284288,37.909519,9.16610680e+03
-122.280036,37.932581,9.92876220e+03
-122.288178,37.915541,8.33646860e+03
-122.298494,37.918210,9.51806261e+03
-122.267353,37.514784,9.60722132e+03
-122.294642,37.539592,8.20909411e+03
-122.301987,37.541788,7.50399163e+03
-122.306705,37.537299,8.21440673e+03
-122.282793,37.526411,7.08200245e+03
-122.289735,37.534057,8.61841716e+03
-122.289881,37.528690,7.33260988e+03
-122.218013,37.457653,7.79711118e+03
-122.212946,37.463643,7.51663005e+03
-122.215660,37.475117,6.24859900e+03
-122.198318,37.463826,8.91011911e+03
-122.205802,37.465290,7.42573467e+03
-122.192229,37.474944,8.01769820e+03
-122.208589,37.484759,7.14346739e+03
-122.210385,37.478323,7.19913045e+03
-122.203742,37.475106,7.56330804e+03
-122.199786,37.484403,8.04648842e+03
-122.197754,37.478772,8.74036243e+03
-122.175010,37.444851,9.11383156e+03
-122.154496,37.447891,6.48546741e+03
-122.156834,37.453862,7.03245619e+03
-122.158544,37.439238,7.99015865e+03
-122.167387,37.436940,8.67848125e+03
-122.178910,37.466128,1.04134563e+04
-122.170191,37.464216,8.68634944e+03
-122.183025,37.457335,9.48252750e+03
-122.174653,37.451097,9.12751540e+03
-122.167417,37.455459,1.03616752e+04
-122.183595,37.443123,9.37360973e+03
-122.187068,37.439084,8.93229496e+03
-122.196866,37.443277,9.78925646e+03
-122.185809,37.453304,1.12851279e+04
-122.194876,37.453590,9.81161915e+03
-122.128208,37.436997,7.40849050e+03
-122.128690,37.448963,7.30848554e+03
-122.147997,37.473586,7.30865151e+03
-122.155559,37.468835,7.68159018e+03
-122.138676,37.469403,5.98653705e+03
-122.124129,37.428491,9.15037151e+03
-122.137877,37.382819,8.30538008e+03
-122.127088,37.372245,8.62417317e+03
-122.066646,37.398640,1.00760388e+04
-122.070012,37.406218,9.54043665e+03
-122.036492,37.371377,1.32667150e+04
-122.036300,37.382931,1.14968162e+04
-122.030783,37.378271,1.30813132e+04
-122.060619,37.383534,1.18385785e+04
-122.015993,37.297840,1.41601439e+04
-122.022188,37.297914,1.23670061e+04
-122.023663,37.307491,1.28604373e+04
-122.013350,37.307470,1.47153715e+04
-122.017661,37.312310,1.39780052e+04
-121.987307,37.584219,1.02274187e+04
-121.977758,37.573613,1.07391600e+04
-122.037188,37.559438,9.56364777e+03
-122.042424,37.552336,1.00411875e+04
-122.015829,37.541743,8.55453325e+03
-122.038768,37.487196,5.09870413e+03
-122.082911,37.468686,5.75753280e+03
-122.048171,37.534894,8.98180997e+03
-122.079064,37.512909,5.90809654e+03
-122.104869,37.488692,6.39520373e+03
-122.023572,37.563351,1.01355104e+04
-122.017377,37.560166,1.07689031e+04
-122.028743,37.557062,9.32903654e+03
-122.020444,37.548445,9.97177879e+03
-122.028266,37.547318,9.42723554e+03
-122.091790,37.623597,9.00994607e+03
-122.082716,37.625276,9.42178237e+03
-122.048899,37.586159,8.38265352e+03
-122.041464,37.594638,1.08827172e+04
-122.038980,37.587774,1.03188104e+04
-122.072381,37.596767,1.12347355e+04
-122.057129,37.589869,9.69368377e+03
-122.062132,37.599538,1.03831807e+04
-122.053922,37.595878,9.79595774e+03
-122.051110,37.566413,1.05975633e+04
-122.049920,37.579738,9.39929595e+03
-122.045440,37.570076,9.73584038e+03
-122.043236,37.575963,9.33530107e+03
-122.084218,37.665891,1.23615841e+04
-122.072820,37.653215,1.00285848e+04
-122.073302,37.668212,1.22230118e+04
-122.077538,37.663310,1.11477298e+04
-122.089788,37.657412,1.09741733e+04
-122.084883,37.658420,1.03664392e+04
-122.070906,37.706645,9.01087473e+03
-122.179989,37.636899,4.52590419e+03
-122.190582,37.643069,4.29275409e+03
-122.155915,37.682148,1.04028880e+04
-122.136952,37.674196,8.96127426e+03
-122.283841,37.566277,8.43746498e+03
-121.850499,37.317176,1.96484040e+04
-121.887359,37.244844,1.31402091e+04
-121.889691,37.236778,1.23895897e+04
-121.876488,37.252572,1.46462810e+04
-121.869466,37.250684,1.54113238e+04
-121.865658,37.232271,1.05089027e+04
-121.868008,37.221752,8.95002882e+03
-121.873660,37.240341,1.24405178e+04
-121.879617,37.223865,1.00463136e+04
-121.883015,37.234162,1.19173336e+04
-121.854774,37.253077,1.48850275e+04
-121.845091,37.247079,1.23088199e+04
-121.847353,37.253941,1.49790620e+04
-121.858836,37.247863,1.39894719e+04
-121.857758,37.237321,1.24449116e+04
-121.848167,37.236527,1.19130078e+04
-121.852236,37.229884,1.02717314e+04
-122.038696,37.622318,1.08909896e+04
-122.048191,37.615702,1.10650645e+04
-122.048541,37.625510,1.08496292e+04
-122.035863,37.606613,9.64002206e+03
-122.029875,37.611609,9.69385721e+03
-121.983865,37.641536,4.96884455e+03
-122.020574,37.628846,9.22103330e+03
-121.967179,37.679601,4.98475456e+03
-122.004489,37.698377,5.46046022e+03
-122.037919,37.689999,8.66395873e+03
-122.066212,37.639929,1.00635273e+04
-122.063122,37.634592,1.00870880e+04
-122.056142,37.633825,9.98823078e+03
-122.066573,37.648186,9.30994912e+03
-121.913717,37.738569,6.13196684e+03
-121.927554,37.730918,6.01432176e+03
-121.898966,37.730528,6.27171006e+03
-121.928638,37.722999,5.36150023e+03
-121.922782,37.717418,6.36341399e+03
-121.895443,37.714828,7.05897517e+03
-121.906884,37.713987,6.72730185e+03
-121.962955,37.778634,5.10401558e+03
-121.975892,37.779148,5.04484964e+03
-121.976802,37.762786,4.53450857e+03
-121.964455,37.756752,5.45675170e+03
-121.957225,37.765408,5.33114426e+03
-122.091151,37.708462,9.97659353e+03
-122.123278,37.667499,1.13137057e+04
-122.129932,37.673355,1.06529652e+04
-121.964818,37.520966,6.60860759e+03
-121.957455,37.521198,6.03281946e+03
-121.951312,37.528228,6.89554160e+03
-121.976811,37.557736,7.86473249e+03
-121.970354,37.566206,9.22422941e+03
-121.960870,37.563713,7.92218642e+03
-121.990724,37.544446,9.65593699e+03
-121.945585,37.547131,6.52166824e+03
-121.954715,37.553590,8.03636232e+03
-121.962833,37.548861,8.40972878e+03
-121.922787,37.522922,6.76492436e+03
-121.932629,37.530335,6.01237110e+03
-121.937451,37.541976,8.33267252e+03
-121.894789,37.562917,3.61119774e+03
-121.905442,37.576703,3.68245474e+03
-121.974334,37.298152,1.38816705e+04
-121.869038,37.435361,8.17614933e+03
-121.865310,37.430810,8.54598005e+03
-121.877499,37.434820,7.63758345e+03
-121.873770,37.430268,8.36647496e+03
-121.850870,37.404843,1.03469771e+04
-121.860014,37.419637,9.14559935e+03
-121.851008,37.415295,9.69239619e+03
-121.823855,37.375366,1.28881265e+04
-121.815329,37.374280,1.21498444e+04
-121.813295,37.367819,1.20551828e+04
-121.846322,37.385800,1.32642459e+04
-121.843622,37.381132,1.30824318e+04
-121.833779,37.375526,1.29996592e+04
-121.839387,37.376436,1.36841693e+04
-121.841528,37.370247,1.44825647e+04
-121.794506,37.305733,1.27747779e+04
-121.831356,37.297885,1.59814149e+04
-121.821373,37.363981,1.32750409e+04
-121.825829,37.367367,1.27075621e+04
-121.831191,37.367371,1.28751761e+04
-121.840321,37.360434,1.46022622e+04
-121.837491,37.362762,1.38571800e+04
-121.832763,37.360797,1.35427053e+04
-121.786005,37.307044,1.07532335e+04
-121.782162,37.299576,1.13245893e+04
-121.772639,37.297344,9.88848401e+03
-121.767862,37.305498,8.67848332e+03
-121.810630,37.260783,1.35874409e+04
-121.811314,37.266570,1.27359530e+04
-121.818833,37.271997,1.42197524e+04
-121.817298,37.267135,1.38869871e+04
-121.828816,37.258015,1.24064820e+04
-121.832407,37.263982,1.18030688e+04
-121.820449,37.257839,1.23688418e+04
-121.816613,37.261347,1.29089412e+04
-121.984685,37.320399,1.62441798e+04
-121.991008,37.319519,1.69952750e+04
-122.022623,37.340376,1.44049137e+04
-122.023859,37.349015,1.46709580e+04
-121.857814,37.395232,1.26391899e+04
-121.994638,37.385029,1.26846344e+04
-121.988544,37.408875,9.46706718e+03
-122.043827,37.306393,1.00558276e+04
-122.036095,37.306042,1.20677881e+04
-122.043749,37.292189,8.99233084e+03
-122.034431,37.282291,9.07342166e+03
-122.026873,37.288480,1.14140044e+04
-122.028459,37.298026,1.15552500e+04
-121.887282,37.298985,1.98465452e+04
-121.885779,37.286768,1.91673587e+04
-121.880920,37.291485,2.00810662e+04
-122.280611,37.790466,1.36276460e+04
-122.269550,37.789697,1.37982094e+04
-122.274828,37.783822,1.37547129e+04
-122.258846,37.755561,1.08838254e+04
-122.388754,37.803173,1.63442621e+04
-122.399557,37.791487,1.72939368e+04
-122.200884,37.823664,1.35378405e+04
-122.208517,37.824331,1.56082707e+04
-122.194712,37.765730,1.41644009e+04
-122.193562,37.771370,1.28328476e+04
-122.201033,37.765094,1.43301472e+04
-122.215035,37.752730,1.50344588e+04
-122.227842,37.752945,1.53791329e+04
-122.216534,37.820065,1.60900980e+04
-122.223934,37.828541,1.60775427e+04
-122.232430,37.827959,1.65825310e+04
-122.231907,37.782586,1.44374747e+04
-122.168399,37.724430,1.10479944e+04
-122.172333,37.728415,1.06091175e+04
-122.184767,37.724700,1.16268435e+04
-122.181226,37.722864,1.13985626e+04
-122.243178,37.743510,1.10022562e+04
-122.238742,37.749450,1.26261510e+04
-122.174889,37.791007,1.25570848e+04
-122.159699,37.770789,1.08184926e+04
-122.170713,37.769916,1.13993720e+04
-122.172945,37.781857,1.26139315e+04
-122.165853,37.775877,1.32462122e+04
-122.164817,37.759938,9.65517317e+03
-122.122094,37.688393,9.89921358e+03
-122.103571,37.730453,1.13849818e+04
-122.121565,37.739712,1.16988820e+04
-122.136824,37.789903,9.10608767e+03
-122.149696,37.767393,1.09114583e+04
-122.148838,37.755695,1.01887942e+04
-122.141467,37.750379,1.08354111e+04
-122.162180,37.723822,1.01799939e+04
-122.064355,37.884654,6.26039611e+03
-122.046104,37.889523,6.81614969e+03
-122.048730,37.882465,5.22777175e+03
-122.066976,37.870933,5.91562060e+03
-122.072468,37.879813,5.19062056e+03
-122.083416,37.865856,5.54547704e+03
-122.070505,37.864099,4.95049029e+03
-122.095746,37.877527,6.85730987e+03
-122.088327,37.884651,5.85724085e+03
-122.075241,37.903297,6.63769465e+03
-122.055584,37.897216,5.90685496e+03
-122.065950,37.894955,7.12820188e+03
-122.051047,37.934147,8.14265427e+03
-122.032979,37.900318,6.82787411e+03
-122.042204,37.895290,6.47304325e+03
-122.051685,37.902983,5.79341768e+03
-122.081894,37.929082,7.01138587e+03
-122.078017,37.941623,7.21288047e+03
-122.067473,37.940824,7.03531609e+03
-122.050371,37.955799,8.02993239e+03
-122.068962,37.954876,7.89800195e+03
-122.060297,37.958129,7.71612900e+03
-122.062738,37.946421,7.32386410e+03
-122.030481,37.971003,6.24917243e+03
-122.039464,37.988695,5.67548915e+03
-121.983281,37.958870,6.07230209e+03
-121.991450,37.961362,6.07894627e+03
-121.978173,37.962740,5.04499246e+03
-121.985691,37.971735,4.79053434e+03
-121.995372,37.971686,6.73923422e+03
-122.501394,37.651452,8.21160843e+03
-122.522555,37.688557,9.22687736e+03
-122.510591,37.710090,1.46637309e+04
-122.468891,37.678820,1.50134732e+04
-122.473581,37.686975,1.60906020e+04
-122.482307,37.687667,1.39181584e+04
-122.486365,37.682879,1.30285853e+04
-122.485077,37.677493,1.08316253e+04
-122.482149,37.653574,8.62290128e+03
-122.487498,37.662466,9.80140604e+03
-122.486399,37.670534,1.12361175e+04
-122.422479,37.661739,1.24981062e+04
-122.411310,37.649481,9.09366669e+03
-122.413937,37.660476,1.09824680e+04
-122.398514,37.623028,7.58087535e+03
-122.393699,37.614530,7.12430004e+03
-122.518569,37.880796,4.40872954e+03
-122.554277,37.847400,3.24818262e+03
-122.531230,37.807689,6.44121913e+03
-122.518153,37.843972,4.23803395e+03
-122.487957,37.757298,1.74700437e+04
-122.493557,37.756962,1.56870867e+04
-122.479029,37.761451,1.92018170e+04
-122.476819,37.767401,1.93219024e+04
-122.480062,37.771187,1.80378187e+04
-122.484705,37.760556,1.71947410e+04
-122.485091,37.765732,1.78534799e+04
-122.481153,37.776448,1.83096029e+04
-122.487976,37.778701,1.74684969e+04
-122.486601,37.776064,1.89792116e+04
-122.458870,37.671121,1.35994129e+04
-122.460667,37.661397,1.14569730e+04
-122.454469,37.657783,1.25009205e+04
-122.446350,37.659709,1.21235452e+04
-122.448151,37.670497,1.59381360e+04
-122.441828,37.662699,1.37828964e+04
-122.292662,37.849889,1.37461437e+04
-122.298088,37.848712,1.34820757e+04
-122.295339,37.857445,1.34446967e+04
-122.288978,37.855215,1.22402722e+04
-122.291473,37.875058,1.01510306e+04
-122.280016,37.898170,8.70196892e+03
-122.297036,37.976224,5.55239181e+03
-122.304991,37.984396,5.16721152e+03
-122.300277,37.969131,7.63720395e+03
-122.309721,37.964976,9.52032148e+03
-122.287309,37.964748,6.76342478e+03
-122.287313,37.949594,8.46379434e+03
-122.331250,37.948453,6.65215094e+03
-122.243873,37.892774,1.07655504e+04
-122.240914,37.887552,1.03076926e+04
-122.516723,37.917491,4.76872150e+03
-122.508118,37.899031,3.39044912e+03
-122.506718,37.910388,4.59182537e+03
-122.528134,37.910563,3.41253957e+03
-122.521764,37.890945,3.98982157e+03
-122.539751,37.987099,4.13449997e+03
-122.536204,37.977365,3.21378247e+03
-122.551953,37.985069,3.72992003e+03
-122.556483,37.973306,3.92051715e+03
-122.547125,37.971884,3.78182420e+03
-122.506149,37.969228,3.78815217e+03
-122.513580,37.968270,3.98709121e+03
-122.530314,37.936007,5.45908779e+03
-122.538918,37.945339,4.98511054e+03
-122.538428,37.956375,4.03882987e+03
-122.358855,37.584693,6.95076528e+03
-122.378030,37.577649,5.65128106e+03
-122.369000,37.576990,6.72469494e+03
-122.369262,37.584598,6.83145441e+03
-122.386805,37.591274,6.68501564e+03
-122.382698,37.601509,7.13700830e+03
-122.374185,37.595492,6.42557588e+03
-122.400660,37.604395,5.79896650e+03
-122.404515,37.612166,6.59441124e+03
-122.411615,37.615350,7.15482276e+03
-122.414021,37.607798,6.48471584e+03
-122.410862,37.600621,5.74357888e+03
-122.404601,37.600402,6.02756910e+03
-122.316851,37.546332,7.55418738e+03
-122.323043,37.549645,8.25096084e+03
-122.311921,37.552485,7.62026269e+03
-122.324184,37.556591,7.68893823e+03
-122.314734,37.559684,7.52210079e+03
-122.320805,37.560477,7.06823575e+03
-122.331233,37.580550,5.82514099e+03
-122.515393,37.739291,1.29730443e+04
-122.510304,37.722216,1.47095623e+04
-122.306548,37.928364,9.82418773e+03
-122.304022,37.922763,9.11393823e+03
-122.243047,37.521417,9.82275237e+03
-122.249703,37.511846,1.04952915e+04
-122.262624,37.523054,8.62143916e+03
-122.251475,37.500932,9.26437004e+03
-122.261702,37.499952,9.28916811e+03
-122.260860,37.505711,8.45257899e+03
-122.236576,37.488052,7.93317764e+03
-122.217515,37.487225,6.96658895e+03
-122.224085,37.490081,6.29287342e+03
-122.300643,37.521850,7.86805106e+03
-122.297011,37.527185,8.21541370e+03
-122.308030,37.526384,7.56334798e+03
-122.304399,37.531719,8.29887788e+03
-122.227804,37.463444,6.52258652e+03
-122.223379,37.464608,6.88931163e+03
-122.135273,37.436332,7.29447615e+03
-122.142129,37.428386,8.26049188e+03
-122.148328,37.443468,7.28345571e+03
-122.141260,37.444184,8.00585351e+03
-122.152165,37.427585,8.28791730e+03
-122.152377,37.434815,8.59388753e+03
-122.150327,37.457247,7.90790390e+03
-122.150018,37.463218,7.20514845e+03
-122.140078,37.463712,6.76114010e+03
-122.135415,37.456106,7.19907711e+03
-122.140920,37.451993,7.98343305e+03
-122.117553,37.428198,9.07674176e+03
-122.104463,37.435281,1.00079369e+04
-122.121099,37.442453,8.77382059e+03
-122.125478,37.421353,8.01181272e+03
-122.133198,37.417402,7.86468207e+03
-122.133218,37.411587,7.91716881e+03
-122.105897,37.406123,8.36435072e+03
-122.120158,37.414607,8.40268396e+03
-122.123243,37.411082,8.81040497e+03
-122.094630,37.375642,1.09279896e+04
-122.101977,37.378239,1.01506552e+04
-122.095411,37.365218,1.06386206e+04
-122.102758,37.367816,1.13303404e+04
-122.088292,37.377695,1.00418811e+04
-122.085599,37.384752,8.70739708e+03
-122.104301,37.384516,9.63739652e+03
-122.108502,37.400123,7.75939974e+03
-122.088347,37.390114,8.34038966e+03
-122.094776,37.410078,7.84796021e+03
-122.091451,37.418905,9.42834106e+03
-122.100688,37.416817,7.63451259e+03
-122.044227,37.373204,1.39164584e+04
-122.050103,37.381789,1.30688289e+04
-122.044876,37.380678,1.22603426e+04
-122.074516,37.358416,1.16144459e+04
-122.080484,37.365970,1.14271419e+04
-122.080975,37.372796,1.04725472e+04
-122.001836,37.588578,1.10294121e+04
-122.012082,37.595588,1.09336351e+04
-122.020776,37.593498,9.31869826e+03
-122.019627,37.587541,1.12892658e+04
-122.011764,37.564062,1.15954790e+04
-122.014333,37.573566,1.02493945e+04
-122.012002,37.580702,1.04972406e+04
-122.002905,37.579650,9.39582391e+03
-122.038494,37.542903,9.16538273e+03
-122.032781,37.540262,8.98258865e+03
-122.042008,37.535016,9.63068302e+03
-122.036294,37.532375,9.99744376e+03
-122.007534,37.528992,9.83213624e+03
-122.017202,37.533477,9.53057990e+03
-122.004489,37.522809,9.28224981e+03
-122.019775,37.524839,9.55991716e+03
-122.029690,37.529930,7.97188399e+03
-122.003338,37.543634,8.75187059e+03
-122.007969,37.546981,1.06230820e+04
-122.006971,37.557579,1.05706899e+04
-122.097114,37.625998,9.06738034e+03
-122.093688,37.630907,8.67719465e+03
-122.104963,37.630833,9.74380061e+03
-122.103844,37.638864,9.46079498e+03
-122.097680,37.636647,9.19776564e+03
-122.063609,37.587731,8.31704793e+03
-122.100509,37.678851,1.05370987e+04
-122.095253,37.674042,1.05349959e+04
-122.088832,37.673744,1.26471488e+04
-122.075888,37.648023,9.72720127e+03
-122.081270,37.650647,1.04435410e+04
-122.071407,37.675423,1.17270135e+04
-122.061079,37.679188,9.94398659e+03
-122.059875,37.711556,7.89981392e+03
-122.022502,37.736290,4.56910242e+03
-122.044321,37.706049,8.33099083e+03
-122.055656,37.701638,8.26873664e+03
-122.013916,37.772248,4.26940740e+03
-122.029491,37.795128,4.44270949e+03
-122.067205,37.797386,3.53648181e+03
-122.065174,37.717099,7.52222206e+03
-122.088654,37.732211,9.43174845e+03
-122.101147,37.769296,5.71424442e+03
-122.138514,37.687304,9.96432673e+03
-122.139632,37.679794,9.73020773e+03
-122.148001,37.681576,1.04041701e+04
-122.146869,37.693002,9.66253457e+03
-122.151596,37.688744,1.07388171e+04
-122.301168,37.565576,7.81471231e+03
-122.295959,37.564213,7.97340005e+03
-122.293155,37.556742,6.93917891e+03
-122.301883,37.561791,6.78220422e+03
-122.300166,37.556249,7.73065343e+03
-122.290047,37.543752,8.40414321e+03
-122.289370,37.551586,7.68434865e+03
-122.285140,37.538218,7.84917299e+03
-121.849978,37.322762,1.75551153e+04
-121.857173,37.329473,1.82717532e+04
-121.829745,37.272414,1.54676654e+04
-121.823853,37.274817,1.44395718e+04
-121.835782,37.292623,1.81097292e+04
-121.851016,37.285143,1.87946372e+04
-121.840289,37.277813,1.52907659e+04
-121.845815,37.279261,1.58949157e+04
-121.835051,37.280962,1.58449278e+04
-121.833139,37.285697,1.67076366e+04
-121.871521,37.298769,2.00700652e+04
-121.863482,37.303001,2.03176110e+04
-121.883045,37.310000,2.02425760e+04
-121.882111,37.304040,2.09652878e+04
-122.040980,37.635097,1.05204178e+04
-122.034771,37.648586,1.04163335e+04
-122.051074,37.643073,9.50151735e+03
-122.060427,37.662029,9.76950558e+03
-122.058416,37.652098,1.16022992e+04
-122.098939,37.706977,1.04797407e+04
-122.106982,37.674875,1.32265831e+04
-122.115010,37.667373,1.23567233e+04
-122.107475,37.664023,1.23978044e+04
-122.104887,37.668394,1.24996484e+04
-122.112617,37.682933,9.79069646e+03
-122.112079,37.676742,1.19744119e+04
-122.117520,37.673612,1.24878094e+04
-122.123406,37.677138,1.01206714e+04
-122.120317,37.682113,1.03571515e+04
-121.969327,37.526149,7.95991657e+03
-121.992030,37.536568,8.50040142e+03
-121.999033,37.536545,9.15264867e+03
-121.999714,37.528849,9.54329106e+03
-121.996670,37.522666,9.87823486e+03
-121.988170,37.521911,8.07004323e+03
-121.979957,37.526300,8.36438695e+03
-121.984251,37.532655,8.43597970e+03
-121.977873,37.551289,8.50512275e+03
-121.971492,37.548049,9.03826233e+03
-121.962200,37.280185,1.41097481e+04
-121.951515,37.276479,1.53214902e+04
-121.945635,37.280954,1.58687951e+04
-121.786315,37.313430,1.07066369e+04
-121.812247,37.307346,1.48076632e+04
-121.817507,37.300790,1.54393635e+04
-121.819523,37.306459,1.55364501e+04
-121.800885,37.303350,1.48236615e+04
-121.814838,37.292526,1.44420126e+04
-121.805491,37.294200,1.43895204e+04
-121.799168,37.311321,1.45836285e+04
-121.794068,37.315552,1.27804919e+04
-121.822157,37.296806,1.62916397e+04
-121.826808,37.293815,1.64349465e+04
-121.819488,37.288542,1.52454401e+04
-121.823957,37.283372,1.63785588e+04
-121.827938,37.285704,1.61494411e+04
-121.827234,37.309971,1.64399190e+04
-121.837637,37.310356,1.89924204e+04
-121.832330,37.306058,1.66827590e+04
-121.842293,37.356850,1.51767706e+04
-121.851344,37.353334,1.80760571e+04
-121.848646,37.358148,1.61921024e+04
-121.846858,37.341453,1.74422070e+04
-121.844755,37.322674,1.86138179e+04
-121.846520,37.327208,1.95682268e+04
-121.838453,37.317364,1.83817055e+04
-121.821803,37.320162,1.58756053e+04
-121.815671,37.325607,1.51732321e+04
-121.807893,37.322071,1.25967794e+04
-121.814772,37.313193,1.56143578e+04
-121.808071,37.314786,1.51997474e+04
-121.822476,37.338405,1.49884177e+04
-121.814733,37.333590,1.50747773e+04
-121.805485,37.338215,1.34493609e+04
-121.771484,37.320587,9.23406074e+03
-121.772322,37.314101,8.76468450e+03
-121.779531,37.323906,1.05703688e+04
-121.780369,37.317421,1.07649913e+04
-121.996839,37.325116,1.67386777e+04
-122.005148,37.322011,1.65143519e+04
-122.012401,37.326478,1.62498275e+04
-122.014570,37.335836,1.57345132e+04
-122.008110,37.340391,1.57646122e+04
-121.997905,37.338971,1.76740905e+04
-121.856698,37.382492,1.34729798e+04
-121.886330,37.437436,6.78942447e+03
-121.888326,37.443550,6.12698483e+03
-121.895261,37.447408,6.21086613e+03
-121.853135,37.340114,1.69371526e+04
-121.852581,37.333553,1.86128362e+04
-121.858011,37.335730,1.70545140e+04
-122.004455,37.396654,1.17009212e+04
-122.000233,37.394378,1.25838345e+04
-121.998967,37.398345,1.21783471e+04
-121.999709,37.365914,1.50607199e+04
-122.001560,37.353810,1.59244408e+04
-121.985425,37.362237,1.53435643e+04
-121.992524,37.362367,1.48744415e+04
-121.997063,37.358787,1.45063344e+04
-122.278938,37.774122,1.31215410e+04
-122.273643,37.776059,1.38747163e+04
-122.274091,37.769479,1.37458938e+04
-122.298008,37.821703,1.32905436e+04
-122.296899,37.832303,1.38750255e+04
-122.270165,37.856668,9.92533186e+03
-122.396311,37.780482,1.80945787e+04
-122.398999,37.777367,1.83329016e+04
-122.400096,37.785897,1.73316586e+04
-122.403731,37.778245,1.61792860e+04
-122.406920,37.779144,1.60766499e+04
-122.393715,37.808708,1.59549334e+04
-122.384296,37.674941,9.63831578e+03
-122.395970,37.652618,1.01515872e+04
-122.409388,37.669135,1.20378324e+04
-122.417930,37.670397,1.37699292e+04
-122.189798,37.797204,1.46360690e+04
-122.190131,37.807757,1.39875572e+04
-122.198171,37.774322,1.26323500e+04
-122.225070,37.763652,1.44345263e+04
-122.236351,37.770475,1.43597175e+04
-122.226586,37.772538,1.49851404e+04
-122.219814,37.769651,1.44300045e+04
-122.219891,37.814074,1.69400592e+04
-122.238587,37.816813,1.64762850e+04
-122.233330,37.819263,1.50940996e+04
-122.228191,37.813854,1.61761279e+04
-122.239782,37.810364,1.51440660e+04
-122.238287,37.805797,1.53936858e+04
-122.214825,37.780740,1.36052063e+04
-122.211147,37.785891,1.34998147e+04
-122.225414,37.793823,1.54775951e+04
-122.224227,37.798759,1.42057563e+04
-122.225546,37.803375,1.39924542e+04
-122.233187,37.803405,1.38815768e+04
-122.229167,37.805894,1.39990052e+04
-122.227485,37.785361,1.44217877e+04
-122.228809,37.780677,1.41921032e+04
-122.225055,37.778391,1.51625831e+04
-122.172423,37.733067,9.91320825e+03
-122.177912,37.733279,1.06195390e+04
-122.252702,37.754789,1.15742416e+04
-122.246862,37.753311,1.24462476e+04
-122.160464,37.806470,1.09745890e+04
-122.139493,37.814743,6.91405585e+03
-122.172546,37.820302,1.09148521e+04
-122.131841,37.844579,5.31260854e+03
-122.125182,37.835965,4.73794096e+03
-122.168761,37.839956,7.21177337e+03
-122.150857,37.849461,6.61442727e+03
-122.190867,37.775570,1.21726991e+04
-122.185155,37.774991,1.13430264e+04
-122.183967,37.781625,1.17756553e+04
-122.189171,37.787604,1.15827696e+04
-122.134685,37.692498,9.74061998e+03
-122.128675,37.693120,9.41424028e+03
-122.158850,37.728719,9.56056310e+03
-122.071347,37.914581,6.80855092e+03
-122.061825,37.918512,7.56391856e+03
-122.075565,37.924185,7.55449717e+03
-122.059862,37.928389,6.92698351e+03
-122.066396,37.931879,7.29612662e+03
-122.037311,37.912419,7.05600605e+03
-122.029259,37.917288,6.85330372e+03
-122.033445,37.924284,6.89319539e+03
-122.040918,37.931344,7.53011139e+03
-122.047862,37.928677,7.59516853e+03
-122.054426,37.917141,7.04377323e+03
-122.050758,37.910635,7.06780831e+03
-122.047520,37.942093,7.22322557e+03
-122.053566,37.945757,6.35516957e+03
-122.049864,37.951883,8.06501676e+03
-122.037802,37.946996,7.66917558e+03
-122.038701,37.951462,8.54444505e+03
-122.020156,37.978510,5.02955738e+03
-122.027855,37.978522,5.26868970e+03
-122.032333,37.987346,5.61251668e+03
-122.020004,37.989380,5.23385495e+03
-122.013047,37.982991,5.66391970e+03
-122.040352,37.965067,8.01484634e+03
-122.037136,37.970428,7.41487772e+03
-122.041641,37.979296,7.51076679e+03
-122.053745,37.980464,6.81807162e+03
-122.052986,37.969416,8.06191509e+03
-122.469013,37.692564,1.54736038e+04
-122.482188,37.668339,1.08348255e+04
-122.474077,37.672548,1.06982290e+04
-122.480866,37.675298,1.07556269e+04
-122.465290,37.659615,1.22356807e+04
-122.475981,37.655751,9.60586005e+03
-122.470975,37.664832,1.18852035e+04
-122.477119,37.662448,1.18107482e+04
-122.465323,37.642274,8.95640565e+03
-122.468780,37.651365,1.02959969e+04
-122.464232,37.652844,9.89467264e+03
-122.456315,37.652371,1.10381757e+04
-122.545048,37.901951,3.43498995e+03
-122.534666,37.899925,3.62647147e+03
-122.533405,37.891129,3.45681375e+03
-122.557670,37.900409,2.85419513e+03
-122.551436,37.890944,2.89381062e+03
-122.492803,37.746657,1.89978214e+04
-122.497526,37.732309,1.74224998e+04
-122.502683,37.745889,1.57713686e+04
-122.501056,37.751026,1.51393461e+04
-122.495981,37.750587,1.78796957e+04
-122.486993,37.750636,1.92293047e+04
-122.483627,37.748420,2.24627230e+04
-122.484572,37.754902,2.02650759e+04
-122.479108,37.758344,1.96039863e+04
-122.477614,37.781119,2.00034780e+04
-122.480289,37.779392,1.75895052e+04
-122.480953,37.784309,1.93960084e+04
-122.484944,37.783927,1.80426491e+04
-122.484260,37.781255,1.81521712e+04
-122.416664,37.645844,8.74729577e+03
-122.419868,37.637732,8.13502782e+03
-122.424439,37.657047,1.22273941e+04
-122.430823,37.658534,1.19980915e+04
-122.278961,37.860866,1.00121665e+04
-122.273807,37.864134,9.75003577e+03
-122.271618,37.869806,9.60985777e+03
-122.289238,37.867663,1.07261268e+04
-122.287842,37.862613,1.10057141e+04
-122.282304,37.863479,1.00896182e+04
-122.285202,37.877333,8.30330575e+03
-122.272470,37.878892,8.46707229e+03
-122.285010,37.882132,8.90195890e+03
-122.282353,37.886015,8.88747441e+03
-122.262537,37.880624,9.82880706e+03
-122.266503,37.877862,9.42182388e+03
-122.256164,37.877502,1.05782625e+04
-122.265897,37.873099,9.54353532e+03
-122.275716,37.892272,8.87255530e+03
-122.272940,37.883292,7.80342800e+03
-122.276754,37.886515,8.24520555e+03
-122.266143,37.884462,9.37685853e+03
-122.262819,37.887818,9.26027727e+03
-122.270580,37.894950,9.73433029e+03
-122.265777,37.893040,9.95835129e+03
-122.321047,37.969282,6.37453920e+03
-122.312033,37.953913,9.32970020e+03
-122.308158,37.934171,8.77782712e+03
-122.302593,37.942914,1.14384193e+04
-122.337150,37.942575,5.36435918e+03
-122.517403,37.959617,3.47703197e+03
-122.506273,37.939422,3.76120511e+03
-122.504850,37.952103,4.80106512e+03
-122.509972,37.960575,4.19239187e+03
-122.517468,37.934225,5.50396183e+03
-122.526097,37.940820,5.43204135e+03
-122.527438,37.961155,3.31394906e+03
-122.530060,37.956027,3.56129108e+03
-122.352262,37.581224,6.68986111e+03
-122.354184,37.570296,5.97533238e+03
-122.360009,37.574800,6.93077634e+03
-122.336704,37.578446,6.02308519e+03
-122.342804,37.577861,5.67343351e+03
-122.342602,37.572639,6.15312968e+03
-122.334812,37.567445,5.79368166e+03
-122.432962,37.793975,1.65066684e+04
-122.432424,37.797065,1.69828881e+04
-122.429380,37.799816,1.63166785e+04
-122.439070,37.797992,1.65187696e+04
-122.435343,37.798794,1.65543411e+04
-122.441729,37.800887,1.69877394e+04
-122.403872,37.771196,1.86932346e+04
-122.439863,37.793712,1.71338853e+04
-122.487771,37.702744,1.46426226e+04
-122.354404,37.967050,6.58374257e+03
-122.356287,37.961908,6.08363163e+03
-122.293824,37.879732,1.18271542e+04
-122.290791,37.884316,9.76642001e+03
-122.300861,37.913175,8.80723268e+03
-122.324567,37.858904,1.15371910e+04
-122.299020,37.874844,1.22166508e+04
-122.298286,37.881520,1.12755146e+04
-122.300623,37.888018,9.88207493e+03
-122.243811,37.489453,7.99915636e+03
-122.248928,37.494061,8.28093234e+03
-122.247123,37.485022,6.37982491e+03
-122.257136,37.494525,8.54873064e+03
-122.250427,37.480489,6.28704961e+03
-122.255323,37.485384,6.44494200e+03
-122.234432,37.482880,7.03914978e+03
-122.237207,37.474086,6.45303215e+03
-122.240160,37.480499,5.96696188e+03
-122.229978,37.471141,6.17682442e+03
-122.113792,37.420492,8.96571689e+03
-122.115048,37.414039,8.46386328e+03
-122.106996,37.416909,8.17488491e+03
-122.108251,37.410457,8.30307065e+03
-122.078899,37.385359,8.73496263e+03
-122.066306,37.385799,1.15168887e+04
-122.069489,37.378071,1.12401685e+04
-122.075791,37.378624,1.00908172e+04
-122.070136,37.393407,9.64918630e+03
-122.076427,37.392414,9.09440955e+03
-122.121113,37.403515,8.16795071e+03
-122.113837,37.397458,8.28134363e+03
-122.131088,37.404020,8.87138984e+03
-122.131692,37.393658,9.36322967e+03
-122.120902,37.383084,8.24471855e+03
-122.113023,37.387390,8.48086893e+03
-122.088740,37.401953,1.01668088e+04
-122.076909,37.406894,9.94973353e+03
-122.079834,37.398323,9.69298551e+03
-122.085054,37.396630,7.81888027e+03
-122.082769,37.411524,8.49738318e+03
-122.089379,37.408275,8.64908041e+03
-122.099464,37.391563,9.93578578e+03
-122.093549,37.392701,8.33093133e+03
-122.102851,37.397101,8.68297981e+03
-122.093026,37.399860,9.46658489e+03
-122.100246,37.403101,8.33277902e+03
-122.096336,37.404721,8.18471815e+03
-122.058560,37.373434,1.45811586e+04
-122.054289,37.373788,1.38787114e+04
-122.049282,37.368701,1.31585548e+04
-122.046843,37.361140,1.34683590e+04
-122.063630,37.370193,1.36296586e+04
-122.051888,37.354542,1.17018686e+04
-122.061369,37.351432,1.15435151e+04
-122.066402,37.359875,1.27046640e+04
-121.996357,37.569147,1.00965077e+04
-121.984516,37.558486,9.81615718e+03
-121.985739,37.567469,1.04490718e+04
-122.000743,37.559375,1.04809988e+04
-121.992652,37.551686,1.00396781e+04
-121.998262,37.550896,9.37137599e+03
-122.073624,37.591810,9.48578659e+03
-122.070203,37.588617,9.33597989e+03
-122.079702,37.588610,9.57639164e+03
-122.059010,37.576791,8.44542102e+03
-122.064469,37.581074,8.44313416e+03
-122.057997,37.569354,1.01815013e+04
-122.058580,37.557295,9.03008559e+03
-122.087592,37.702709,9.99449299e+03
-122.090985,37.694127,1.10181917e+04
-122.070593,37.638751,1.02806039e+04
-122.074022,37.641816,1.03680649e+04
-122.083983,37.645877,1.01517103e+04
-122.093642,37.641302,8.84476749e+03
-122.093680,37.647248,9.13104330e+03
-122.088482,37.649229,9.30771643e+03
-122.264215,37.532131,7.41401584e+03
-122.269518,37.562843,7.82864786e+03
-122.257978,37.561663,6.42709748e+03
-121.848787,37.292604,1.84407629e+04
-121.840990,37.296797,1.79060035e+04
-121.853469,37.299831,2.02353238e+04
-121.841871,37.306357,1.91380426e+04
-121.847207,37.309507,1.87655979e+04
-121.860202,37.319163,2.07623475e+04
-121.866923,37.314665,1.87772178e+04
-121.875895,37.316393,2.14565692e+04
-121.878886,37.320719,2.01200197e+04
-121.863596,37.328207,1.99748923e+04
-122.041856,37.674801,9.58300619e+03
-122.039308,37.664853,9.68806713e+03
-122.053832,37.674407,1.02828972e+04
-122.051285,37.664459,1.13398729e+04
-122.104470,37.699341,1.14601140e+04
-122.103415,37.684885,1.19977276e+04
-122.100075,37.692243,1.06542354e+04
-122.110425,37.687100,1.02970051e+04
-122.109863,37.697638,1.09022307e+04
-122.115461,37.696753,1.07994103e+04
-122.115758,37.692943,1.17329015e+04
-121.968104,37.536856,8.06541770e+03
-121.965160,37.532066,8.47529597e+03
-121.960148,37.541934,7.50982069e+03
-121.954507,37.533913,6.67782044e+03
-121.951219,37.540290,6.58794647e+03
-121.979708,37.536733,7.70361144e+03
-121.984365,37.543463,8.09966045e+03
-121.980815,37.545912,9.60517740e+03
-121.973731,37.538406,6.32836458e+03
-121.974434,37.542672,7.80018145e+03
-121.964665,37.285735,1.50504172e+04
-121.973867,37.288525,1.46151114e+04
-121.973814,37.293457,1.47799868e+04
-121.797322,37.356757,1.23777848e+04
-121.795478,37.347304,1.38383944e+04
-121.804671,37.344840,1.29384031e+04
-121.797865,37.335296,1.33941483e+04
-121.785166,37.338351,1.24906389e+04
-121.792288,37.342148,1.31428777e+04
-121.831238,37.346433,1.54444777e+04
-121.835322,37.346952,1.62507375e+04
-121.842170,37.352888,1.66829766e+04
-121.839413,37.349918,1.61330250e+04
-121.848863,37.350556,1.59907852e+04
-121.846107,37.347586,1.89905023e+04
-121.821010,37.357484,1.28990709e+04
-121.820610,37.345304,1.47456302e+04
-121.826897,37.349188,1.54975792e+04
-121.827037,37.354296,1.46883718e+04
-121.997021,37.350206,1.46894313e+04
-121.993079,37.344935,1.65431407e+04
-121.992524,37.355183,1.55722363e+04
-121.986700,37.355903,1.46618346e+04
-121.850317,37.363526,1.55655525e+04
-121.849405,37.376737,1.41724226e+04
-121.856313,37.375750,1.47684509e+04
-121.846673,37.365845,1.58186445e+04
-121.846714,37.370846,1.55939429e+04
-121.979571,37.363058,1.55529855e+04
-121.973929,37.407924,8.41263091e+03
-121.978756,37.388046,1.38963211e+04
-121.972599,37.376652,1.52753416e+04
-121.925120,37.414511,1.04201204e+04
-121.875660,37.426137,8.83745263e+03
-121.870307,37.421173,9.62979774e+03
-121.873554,37.415466,1.01185381e+04
-121.865251,37.409738,1.12796910e+04
-121.871721,37.409506,9.71439344e+03
-121.862005,37.404791,1.27847265e+04
-121.863631,37.399406,1.04306309e+04
-121.979872,37.325748,1.69344031e+04
-121.914430,37.415463,1.30700680e+04
-121.903820,37.283926,1.79398937e+04
-121.919107,37.283796,1.65583205e+04
-121.911520,37.280337,1.73726622e+04
-121.965392,37.299990,1.58593272e+04
-121.964872,37.295295,1.50213922e+04
-121.959703,37.291170,1.49799578e+04
-121.951357,37.290095,1.62736858e+04
-121.948746,37.295687,1.66107342e+04
-122.014454,37.363832,1.35588758e+04
-122.008141,37.362507,1.45856085e+04
-122.019461,37.359394,1.48551483e+04
-122.018136,37.353366,1.59947600e+04
-122.010441,37.349282,1.57563537e+04
-122.005453,37.353984,1.50096913e+04
-121.882776,37.330392,1.80190734e+04
-121.888790,37.328635,1.88246909e+04
-121.889817,37.335255,1.85174102e+04
-122.255836,37.764116,1.35750330e+04
-122.265034,37.773481,1.39271034e+04
-122.261979,37.764887,1.33417345e+04
-122.265437,37.768766,1.47145253e+04
-122.278221,37.798173,1.33771776e+04
-122.284631,37.819154,1.32191344e+04
-122.269746,37.838403,1.37178921e+04
-122.274876,37.837422,1.56075023e+04
-122.277847,37.829272,1.31957034e+04
-122.277792,37.834532,1.45202051e+04
-122.285057,37.824613,1.31283573e+04
-122.289885,37.830576,1.45905511e+04
-122.288397,37.839429,1.44881017e+04
-122.283514,37.838726,1.39571666e+04
-122.284903,37.850521,1.22401922e+04
-122.280424,37.855307,1.01184428e+04
-122.233423,37.847008,1.37362022e+04
-122.237002,37.835357,1.63202754e+04
-122.403987,37.794087,1.66317899e+04
-122.404195,37.795814,1.55753478e+04
-122.404793,37.800087,1.43511992e+04
-122.404252,37.797804,1.55272486e+04
-122.408052,37.799998,1.39378816e+04
-122.407511,37.797715,1.47035060e+04
-122.201432,37.812867,1.48198250e+04
-122.197500,37.807811,1.35350496e+04
-122.202699,37.797585,1.38969740e+04
-122.204427,37.768946,1.34871759e+04
-122.202715,37.772535,1.36363954e+04
-122.206946,37.776416,1.29198437e+04
-122.212200,37.776714,1.39039483e+04
-122.211669,37.771834,1.37704750e+04
-122.181909,37.755754,1.11187180e+04
-122.190525,37.750012,1.24110087e+04
-122.185222,37.747306,1.12355692e+04
-122.190841,37.761151,1.27806223e+04
-122.177390,37.754986,1.10031276e+04
-122.169753,37.757945,9.95625740e+03
-122.174145,37.759491,1.12110092e+04
-122.244167,37.818770,1.56537164e+04
-122.247098,37.822556,1.54867144e+04
-122.219340,37.798033,1.41444720e+04
-122.196907,37.792355,1.33891398e+04
-122.202438,37.792683,1.34935304e+04
-122.194861,37.787367,1.36611110e+04
-122.205744,37.781926,1.35483354e+04
-122.207319,37.787375,1.41613385e+04
-122.200053,37.780356,1.37269071e+04
-122.195370,37.781967,1.22317078e+04
-122.229239,37.793662,1.51644556e+04
-122.233296,37.788861,1.54399724e+04
-122.229648,37.789328,1.61639655e+04
-122.233466,37.797542,1.46589568e+04
-122.177364,37.738726,1.04623747e+04
-122.182067,37.743995,1.15269112e+04
-122.182888,37.737578,1.06751939e+04
-122.176613,37.750148,1.09406715e+04
-122.167075,37.736962,1.02706723e+04
-122.161794,37.734890,1.00401806e+04
-122.119737,37.726527,1.14334327e+04
-122.109858,37.712627,1.11834989e+04
-122.121676,37.706030,1.14655350e+04
-122.116079,37.706916,1.20287889e+04
-122.436339,37.635788,8.45949384e+03
-122.427894,37.641757,7.61675530e+03
-122.438785,37.653266,9.74338279e+03
-122.431074,37.651357,1.07366899e+04
-122.436753,37.627381,9.55172504e+03
-122.440055,37.603443,8.60165027e+03
-122.454335,37.613361,8.65872811e+03
-122.447463,37.626869,1.14534752e+04
-122.281141,37.875502,9.21391953e+03
-122.283842,37.870852,8.90300016e+03
-122.280166,37.869020,9.45676594e+03
-122.274634,37.872080,9.27049695e+03
-122.274881,37.876402,8.74576795e+03
-122.318123,37.985390,5.63835869e+03
-122.322290,37.978295,5.53831530e+03
-122.327709,37.991005,4.94323380e+03
-122.336774,37.984917,5.21417530e+03
-122.335120,37.977657,6.36473566e+03
-122.333901,37.954118,7.77723122e+03
-122.346948,37.962048,6.96360698e+03
-122.325225,37.945703,9.07749016e+03
-122.320076,37.947268,9.30004905e+03
-122.316992,37.939449,1.02035875e+04
-122.367495,37.889117,6.54268902e+03
-122.340609,37.876074,9.03239487e+03
-122.328950,37.574506,6.73678224e+03
-122.319542,37.572091,6.45046874e+03
-122.323478,37.576610,6.43670407e+03
-122.322474,37.566589,5.84347053e+03
-122.327260,37.568726,6.27298667e+03
-122.417144,37.834769,1.30791086e+04
-122.397736,37.810981,1.64982971e+04
-122.431452,37.802285,1.66543389e+04
-122.435353,37.802409,1.66809929e+04
-122.438179,37.827860,1.49610585e+04
-122.439873,37.803156,1.71627971e+04
-122.462054,37.843146,7.64753665e+03
-122.454779,37.819403,1.75860777e+04
-122.397097,37.770975,2.19200319e+04
-122.399652,37.766474,2.35782653e+04
-122.393254,37.765383,2.44696183e+04
-122.394423,37.759055,2.41222477e+04
-122.398561,37.759371,2.44572358e+04
-122.390545,37.707899,1.42295044e+04
-122.444937,37.791949,1.98005346e+04
-122.445945,37.796247,1.97101866e+04
-122.460238,37.789211,2.25055924e+04
-122.454419,37.795211,2.24983522e+04
-122.472563,37.744132,2.50420844e+04
-122.478342,37.732067,2.42662176e+04
-122.491705,37.728887,1.97621924e+04
-122.474962,37.696041,1.47560676e+04
-122.482786,37.694013,1.39974455e+04
-122.484609,37.698173,1.32190187e+04
-122.483830,37.711000,1.70508925e+04
-122.474833,37.709648,1.83617322e+04
-122.480669,37.706430,1.64179711e+04
-122.360609,37.948275,5.90468196e+03
-122.370780,37.940413,6.97968586e+03
-122.369576,37.932793,5.63064152e+03
-122.356859,37.957071,5.88462820e+03
-122.357263,37.952772,4.72336642e+03
-122.348485,37.950028,5.22767101e+03
-122.343480,37.953144,5.62790975e+03
-122.347519,37.957211,6.53762513e+03
-122.358856,37.938332,6.13429319e+03
-122.355727,37.942977,5.68002939e+03
-122.344258,37.942801,6.00813803e+03
-122.348222,37.945477,6.02039093e+03
-122.298788,37.891336,9.79654177e+03
-122.307050,37.912057,9.78913302e+03
-122.227413,37.475801,6.82839150e+03
-122.220837,37.477770,6.37919472e+03
-122.223489,37.473251,5.62795760e+03
-122.224488,37.483442,7.02861332e+03
-122.228914,37.481127,6.41151984e+03
-122.065294,37.562240,7.82212969e+03
-122.088823,37.529784,5.82759316e+03
-122.098695,37.545736,6.30065038e+03
-122.078360,37.582879,8.78750798e+03
-122.073365,37.583268,7.87069710e+03
-122.070170,37.578581,8.12885604e+03
-122.085895,37.679820,9.01637851e+03
-122.086132,37.688037,1.03996235e+04
-122.076724,37.680011,1.28396494e+04
-122.077831,37.639235,9.91757557e+03
-122.082410,37.640673,8.88698976e+03
-122.081692,37.630045,8.63473056e+03
-122.087340,37.633275,9.67053379e+03
-122.086871,37.638079,9.74428985e+03
-122.075487,37.632193,9.67807678e+03
-122.074403,37.636170,1.00682010e+04
-122.279492,37.539396,8.04305776e+03
-122.277000,37.532957,9.16661532e+03
-122.270981,37.535198,7.09429176e+03
-121.879808,37.328673,1.88708259e+04
-121.877427,37.325334,1.95119592e+04
-121.870406,37.330604,2.01158050e+04
-121.810141,37.363016,1.27957196e+04
-121.805451,37.358181,1.31195551e+04
-121.815678,37.355838,1.37591371e+04
-121.809262,37.348808,1.59455580e+04
-121.815419,37.348766,1.48336404e+04
-121.795268,37.330351,1.29741052e+04
-121.798703,37.325029,1.52260232e+04
-121.793782,37.321975,1.25385301e+04
-121.785190,37.326338,1.09086954e+04
-121.786107,37.330861,1.17531666e+04
-121.842216,37.336593,1.65742624e+04
-121.842432,37.328909,1.83406426e+04
-121.865762,37.363090,1.77314511e+04
-121.855245,37.363945,1.60452763e+04
-121.859837,37.369144,1.49653111e+04
-121.863104,37.341495,1.65021721e+04
-121.961735,37.414373,8.49349892e+03
-121.935422,37.419486,7.91555641e+03
-121.946865,37.431672,9.14834775e+03
-121.927761,37.434418,8.30618423e+03
-121.936505,37.398792,1.06318174e+04
-121.927798,37.383945,1.43011666e+04
-121.934801,37.367039,1.68369723e+04
-121.960052,37.383556,1.32512468e+04
-121.980662,37.330471,1.84467706e+04
-121.991305,37.330720,1.73563116e+04
-121.991578,37.335553,1.62890553e+04
-121.940312,37.323852,1.67732955e+04
-121.949124,37.326889,1.66200453e+04
-121.907699,37.421810,1.09661874e+04
-121.894051,37.430804,7.46935397e+03
-121.887110,37.424057,8.29367674e+03
-121.886460,37.416498,1.01938148e+04
-121.896338,37.412788,1.08499487e+04
-121.877109,37.403564,1.04221538e+04
-121.888820,37.405814,9.82637603e+03
-121.893697,37.398755,1.25951577e+04
-121.923731,37.296238,1.60832948e+04
-121.920941,37.292039,1.66689522e+04
-121.930532,37.312799,1.75720374e+04
-121.938100,37.314406,1.78994246e+04
-121.943260,37.307274,1.67135972e+04
-121.927897,37.306209,1.92188615e+04
-121.929108,37.298541,1.76042946e+04
-121.936531,37.293288,1.72133240e+04
-121.942801,37.297836,1.55005642e+04
-121.952526,37.303228,1.72231373e+04
-121.949742,37.308918,1.58654218e+04
-121.961019,37.304287,1.82899876e+04
-121.895186,37.339576,1.74167865e+04
-121.893660,37.345922,1.89651329e+04
-121.911938,37.350389,1.82649055e+04
-121.901083,37.356226,1.84185365e+04
-121.894266,37.351217,1.89943146e+04
-122.251672,37.769828,1.28955982e+04
-122.252350,37.766440,1.33394201e+04
-122.242835,37.767896,1.38068509e+04
-122.238324,37.763959,1.48711565e+04
-122.241696,37.761122,1.42734731e+04
-122.246884,37.761671,1.45539505e+04
-122.270464,37.797228,1.31942279e+04
-122.273352,37.799061,1.37516118e+04
-122.289520,37.794999,1.33786212e+04
-122.295757,37.811390,1.38772432e+04
-122.292934,37.810559,1.39838153e+04
-122.291408,37.805698,1.44656837e+04
-122.295852,37.800352,1.32622683e+04
-122.292826,37.798055,1.29948284e+04
-122.285201,37.815125,1.37887841e+04
-122.288602,37.811935,1.39981727e+04
-122.279751,37.812780,1.54039834e+04
-122.276791,37.815608,1.44689861e+04
-122.275317,37.824891,1.31964658e+04
-122.277803,37.820026,1.35579249e+04
-122.278531,37.842132,1.36898991e+04
-122.284257,37.842841,1.42919082e+04
-122.284640,37.846529,1.25110913e+04
-122.272470,37.853724,1.09048735e+04
-122.277399,37.852948,1.08701966e+04
-122.276705,37.845802,1.29280840e+04
-122.279810,37.848678,1.26910915e+04
-122.247597,37.826882,1.57160228e+04
-122.243979,37.832945,1.63980372e+04
-122.253235,37.829056,1.56103894e+04
-122.262326,37.846539,1.32996069e+04
-122.267273,37.844295,1.31813159e+04
-122.268754,37.850637,1.18740450e+04
-122.270577,37.846984,1.24695199e+04
-122.264373,37.856896,1.00871096e+04
-122.408050,37.781116,1.70477669e+04
-122.406386,37.784856,1.59772514e+04
-122.409976,37.786101,1.59055064e+04
-122.411269,37.774677,1.77272650e+04
-122.408376,37.768503,2.12031376e+04
-122.419392,37.770755,1.79796184e+04
-122.427907,37.761415,2.72808352e+04
-122.407313,37.794569,1.60584782e+04
-122.408444,37.796131,1.53739709e+04
-122.186529,37.762994,1.33135518e+04
-122.182900,37.760303,1.24655109e+04
-122.183228,37.769307,1.27577345e+04
-122.176992,37.768142,1.17795274e+04
-122.177914,37.763355,1.18455214e+04
-122.266831,37.834483,1.46007273e+04
-122.262123,37.834391,1.52503980e+04
-122.269625,37.827042,1.37680911e+04
-122.241908,37.801424,1.61741533e+04
-122.246443,37.801904,1.62287688e+04
-122.216514,37.801470,1.43843918e+04
-122.208277,37.806363,1.40627472e+04
-122.208558,37.800158,1.42598513e+04
-122.212116,37.798003,1.38453640e+04
-122.220168,37.805628,1.39649999e+04
-122.215489,37.808367,1.46737613e+04
-122.213399,37.788333,1.39336531e+04
-122.213390,37.792564,1.39779594e+04
-122.217862,37.792849,1.44718769e+04
-122.221310,37.790638,1.38046587e+04
-122.222973,37.786509,1.34481214e+04
-122.217077,37.783181,1.35682866e+04
-122.221067,37.782826,1.40177462e+04
-122.156360,37.750914,1.00554005e+04
-122.160293,37.753578,1.09785093e+04
-122.158693,37.739665,9.71274083e+03
-122.171781,37.743620,9.04813422e+03
-122.166981,37.742069,1.01503905e+04
-122.171851,37.748626,1.10896378e+04
-122.168235,37.751917,1.02191631e+04
-122.163244,37.749378,8.52439880e+03
-122.162060,37.744536,9.49409672e+03
-122.145574,37.742379,1.03226236e+04
-122.152890,37.743162,9.70059520e+03
-122.153723,37.738000,9.76250122e+03
-122.147287,37.703018,1.03209678e+04
-122.155844,37.709773,9.53531163e+03
-122.155330,37.718579,1.10960810e+04
-122.470133,37.706117,1.76755211e+04
-122.469708,37.700749,1.59831237e+04
-122.456305,37.707293,1.81511338e+04
-122.462181,37.694228,1.59488925e+04
-122.458983,37.689743,1.70526187e+04
-122.462267,37.699646,1.63334056e+04
-122.458115,37.702334,1.70888393e+04
-122.453038,37.695243,1.82322206e+04
-122.452085,37.702416,1.81731019e+04
-122.447212,37.708827,1.83090867e+04
-122.450275,37.707374,1.75689050e+04
-122.443637,37.646527,9.84330412e+03
-122.444371,37.638649,8.30617854e+03
-122.453048,37.647558,1.06755003e+04
-122.453102,37.634218,9.06215757e+03
-122.457508,37.638940,9.19538293e+03
-122.430161,37.623222,8.38070847e+03
-122.420436,37.611859,7.26083741e+03
-122.426591,37.612791,7.52623258e+03
-122.341051,37.963835,6.91762836e+03
-122.337440,37.971527,5.91235457e+03
-122.343769,37.970160,7.34887840e+03
-122.329864,37.965289,7.33217879e+03
-122.332044,37.959972,7.21256370e+03
-122.335730,37.936326,7.02974589e+03
-122.323934,37.934415,8.62947964e+03
-122.329225,37.936483,7.57264477e+03
-122.410942,37.800583,1.45110129e+04
-122.411704,37.802944,1.39807987e+04
-122.439737,37.706824,1.94939144e+04
-122.422372,37.684003,1.84345781e+04
-122.416587,37.696918,2.11145182e+04
-122.439627,37.684630,1.94252925e+04
-122.443753,37.698198,2.00532459e+04
-122.446957,37.723001,2.34238399e+04
-122.446486,37.713252,1.97878295e+04
-122.449460,37.716384,2.20344628e+04
-122.441099,37.775720,2.13789619e+04
-122.444502,37.776824,2.16647845e+04
-122.472808,37.769914,2.15475203e+04
-122.463064,37.770708,2.43936252e+04
-122.469984,37.751956,2.50236025e+04
-122.473800,37.748262,2.55441706e+04
-122.477774,37.750439,2.35123686e+04
-122.475677,37.756096,2.16396897e+04
-122.471667,37.757424,2.31519840e+04
-122.459561,37.747149,3.09379419e+04
-122.464790,37.743376,2.92566808e+04
-122.453030,37.743952,2.96507053e+04
-122.472008,37.730675,2.42604483e+04
-122.478076,37.741757,2.32184339e+04
-122.480242,37.737130,1.96758270e+04
-122.485166,37.743869,2.13224542e+04
-122.491169,37.742255,1.91778709e+04
-122.490154,37.737627,1.86599090e+04
-122.482622,37.716132,1.87281511e+04
-122.479171,37.719809,2.00532123e+04
-122.485830,37.721529,1.97194176e+04
-122.482379,37.725206,1.99431270e+04
-122.349303,37.936061,6.13525257e+03
-122.343988,37.932366,6.47967336e+03
-122.345376,37.925194,7.74820036e+03
-122.356397,37.934093,5.99542301e+03
-122.367117,37.928554,6.60616418e+03
-122.361411,37.923350,8.21245572e+03
-122.291202,37.889364,8.83265123e+03
-122.294546,37.891993,9.24434302e+03
-122.286719,37.890894,8.87548370e+03
-122.285420,37.897293,8.92105829e+03
-122.293125,37.897688,1.01168874e+04
-122.289304,37.907759,9.36870369e+03
-122.288481,37.901457,9.42345832e+03
-122.306723,37.906787,9.17445236e+03
-122.302340,37.896190,9.50196070e+03
-122.071188,37.684794,1.10665960e+04
-122.061241,37.690693,1.10180076e+04
-122.061090,37.684688,1.13585850e+04
-122.267868,37.542677,6.46992972e+03
-121.835588,37.340870,1.74864118e+04
-121.837858,37.338124,1.80143310e+04
-121.829029,37.336208,1.59671840e+04
-121.831503,37.340351,1.49054845e+04
-121.837770,37.326560,1.84035852e+04
-121.835556,37.319549,1.86933237e+04
-121.831151,37.329702,1.84150274e+04
-121.835895,37.331099,1.89712912e+04
-121.827114,37.322067,1.80912518e+04
-121.829644,37.316453,1.72934194e+04
-121.858414,37.358764,1.73797269e+04
-121.864338,37.356822,1.74217428e+04
-121.856184,37.353531,1.73998030e+04
-121.866647,37.350793,1.80441717e+04
-121.858032,37.347957,1.68969270e+04
-121.862571,37.347161,1.76100011e+04
-121.868872,37.340356,1.80166411e+04
-121.871814,37.335348,1.76384710e+04
-121.876703,37.333963,2.05449794e+04
-121.879671,37.335682,1.91301617e+04
-121.945175,37.397754,1.04918848e+04
-121.952384,37.395387,1.09347126e+04
-121.947664,37.406706,9.16738700e+03
-121.954872,37.404338,9.34452000e+03
-121.981415,37.340769,1.49652700e+04
-121.976276,37.337075,1.52674949e+04
-121.980807,37.351630,1.54465508e+04
-121.982690,37.345638,1.59993002e+04
-121.975510,37.355977,1.43525794e+04
-121.963395,37.333491,1.64066112e+04
-121.968558,37.338421,1.54635051e+04
-121.965967,37.343848,1.59126661e+04
-121.954176,37.351533,1.64730658e+04
-121.948761,37.365557,1.57132854e+04
-121.929918,37.352938,1.76180827e+04
-121.922417,37.349812,1.75561625e+04
-121.901842,37.433069,7.41496688e+03
-121.907003,37.431183,8.21959609e+03
-121.901056,37.443559,6.67951341e+03
-121.907021,37.447081,6.10560508e+03
-121.910967,37.441987,6.74204837e+03
-121.868967,37.394399,1.12817956e+04
-121.874497,37.396205,1.26969908e+04
-121.863150,37.390225,1.23743347e+04
-121.863812,37.383750,1.29918882e+04
-121.924735,37.317783,1.95833451e+04
-121.904438,37.326067,1.68526376e+04
-121.901714,37.336010,1.69477318e+04
-121.900641,37.321097,1.64550337e+04
-121.892480,37.322431,1.77885306e+04
-121.889793,37.312411,1.85037843e+04
-121.887157,37.318257,2.04119940e+04
-121.918398,37.307551,1.99468573e+04
-121.917321,37.313178,1.84196744e+04
-121.912494,37.315677,1.95346583e+04
-121.899130,37.310032,1.79140208e+04
-121.904655,37.314545,1.72149815e+04
-121.955894,37.322310,1.59386565e+04
-121.955649,37.314970,1.69984557e+04
-121.964143,37.327219,1.97553856e+04
-121.900362,37.368625,1.65067056e+04
-121.911715,37.382820,1.59317576e+04
-121.909732,37.398619,1.39726607e+04
-121.899675,37.394279,1.30222742e+04
-121.887477,37.347696,1.85854152e+04
-121.888083,37.352991,1.70025973e+04
-121.873167,37.359866,1.74965242e+04
-122.274487,37.812940,1.36166009e+04
-122.273291,37.803517,1.33643742e+04
-122.288074,37.804929,1.44776252e+04
-122.285732,37.807834,1.46168111e+04
-122.286555,37.801937,1.38168348e+04
-122.255290,37.811392,1.42265510e+04
-122.249839,37.805572,1.55008433e+04
-122.252227,37.813390,1.47766663e+04
-122.246799,37.809659,1.53459386e+04
-122.248272,37.813742,1.44552119e+04
-122.254359,37.833867,1.64066223e+04
-122.253750,37.845669,1.37667761e+04
-122.248044,37.844193,1.33382694e+04
-122.248410,37.838211,1.49234527e+04
-122.258884,37.843647,1.26638332e+04
-122.259127,37.837826,1.38545380e+04
-122.262881,37.852016,1.19677504e+04
-122.260806,37.855331,1.08151118e+04
-122.259758,37.850607,1.25042403e+04
-122.254686,37.850390,1.25562314e+04
-122.255332,37.858565,1.23598866e+04
-122.265057,37.863276,1.01160819e+04
-122.261745,37.860513,1.17143308e+04
-122.255857,37.861598,1.21271274e+04
-122.412772,37.786980,1.56633627e+04
-122.414908,37.788392,1.59039739e+04
-122.413307,37.788619,1.76030626e+04
-122.409206,37.788828,1.61040910e+04
-122.411566,37.788312,1.68568453e+04
-122.407204,37.791524,1.57742710e+04
-122.408412,37.793004,1.52323928e+04
-122.410606,37.792931,1.51669048e+04
-122.412153,37.791469,1.61941476e+04
-122.412101,37.789951,1.66040968e+04
-122.412726,37.781577,1.73951793e+04
-122.425527,37.784394,1.55630908e+04
-122.421901,37.785328,1.53034710e+04
-122.434700,37.777174,1.89935381e+04
-122.437711,37.777879,2.11454363e+04
-122.455557,37.762964,2.61128735e+04
-122.464852,37.754132,2.74792939e+04
-122.459530,37.752100,3.04857164e+04
-122.407785,37.762514,2.42051990e+04
-122.402191,37.758104,2.46687206e+04
-122.427504,37.781714,1.60255537e+04
-122.425287,37.779654,1.54265373e+04
-122.427651,37.777507,1.64389979e+04
-122.432153,37.778819,1.91084497e+04
-122.432404,37.781121,1.88532083e+04
-122.426213,37.775385,1.70636623e+04
-122.422999,37.772477,1.95876417e+04
-122.420896,37.762121,2.33707007e+04
-122.417895,37.765089,2.14413355e+04
-122.428109,37.757635,2.93477623e+04
-122.432623,37.757585,2.94350897e+04
-122.260439,37.826088,1.41840044e+04
-122.243351,37.794253,1.59408901e+04
-122.236758,37.790877,1.50262382e+04
-122.237336,37.795224,1.56458957e+04
-122.240677,37.796714,1.48210077e+04
-122.241904,37.783540,1.43734114e+04
-122.246104,37.796091,1.47133388e+04
-122.247965,37.799031,1.51387372e+04
-122.251724,37.799029,1.65953877e+04
-122.137393,37.702744,1.07677895e+04
-122.141641,37.707566,1.19071217e+04
-122.135967,37.730274,1.32262948e+04
-122.141902,37.735459,1.05366313e+04
-122.147494,37.721717,1.14041910e+04
-122.150883,37.727196,1.21110830e+04
-122.148856,37.731703,1.01222288e+04
-122.454320,37.715012,1.94515549e+04
-122.462372,37.711193,1.68469882e+04
-122.457743,37.710438,1.84117320e+04
-122.421767,37.619525,7.69807954e+03
-122.425529,37.624946,8.63662186e+03
-122.415399,37.620579,7.35381753e+03
-122.419090,37.628771,8.62698364e+03
-122.413114,37.625892,7.97276895e+03
-122.324681,37.926773,8.92729467e+03
-122.335053,37.921541,7.31481363e+03
-122.310253,37.898199,9.56147001e+03
-122.324201,37.906654,8.93088308e+03
-122.311168,37.903616,1.00997731e+04
-122.313938,37.909458,9.16280135e+03
-122.423133,37.800859,1.52647599e+04
-122.419120,37.800595,1.52702508e+04
-122.416277,37.803016,1.50982634e+04
-122.428411,37.803059,1.72228907e+04
-122.423343,37.804144,1.61049763e+04
-122.415413,37.794582,1.51470584e+04
-122.413017,37.798538,1.46412644e+04
-122.416622,37.798478,1.64187711e+04
-122.417955,37.796156,1.44147595e+04
-122.411059,37.796369,1.53219508e+04
-122.412123,37.794734,1.52348581e+04
-122.430004,37.793653,1.64272114e+04
-122.386204,37.720597,1.66896501e+04
-122.416359,37.755754,2.62828980e+04
-122.425594,37.740267,2.60461014e+04
-122.421871,37.706578,1.99740703e+04
-122.421815,37.715411,1.88932396e+04
-122.435262,37.708547,2.06522666e+04
-122.426820,37.713812,2.11321236e+04
-122.427306,37.708953,1.96415743e+04
-122.430872,37.763945,2.50305092e+04
-122.433545,37.761991,2.67911623e+04
-122.436344,37.763701,2.55845081e+04
-122.441963,37.781027,2.00514434e+04
-122.438480,37.781844,1.97026627e+04
-122.436143,37.790499,1.60650572e+04
-122.439116,37.790037,1.70658026e+04
-122.459777,37.779842,2.48237232e+04
-122.450409,37.776625,2.48550763e+04
-122.458978,37.773207,2.45361341e+04
-122.455378,37.769253,2.65565637e+04
-122.465771,37.774923,2.44922645e+04
-122.465864,37.781975,2.36610602e+04
-122.463511,37.779737,2.40428547e+04
-122.470655,37.774636,2.17469654e+04
-122.470551,37.781637,2.29833380e+04
-122.473082,37.779111,2.19511757e+04
-122.470036,37.761090,2.51112576e+04
-122.469955,37.765382,2.29726868e+04
-122.465096,37.765889,2.47718592e+04
-122.461189,37.762098,2.79378731e+04
-122.464330,37.759629,2.66806509e+04
-122.295630,37.900537,8.87301194e+03
-122.300603,37.899696,8.92085101e+03
-122.302217,37.904452,9.25227018e+03
-122.298073,37.908595,8.86103720e+03
-122.294236,37.906780,9.01070230e+03
-122.081268,37.692276,9.18774562e+03
-122.075495,37.688842,1.04611710e+04
-122.070009,37.693402,1.15751856e+04
-122.075455,37.699436,9.85858417e+03
-122.081408,37.699222,9.93457884e+03
-122.263235,37.546284,6.96298710e+03
-122.258082,37.540647,7.48533174e+03
-122.257686,37.556520,6.58423140e+03
-122.262642,37.553615,6.20268787e+03
-122.250032,37.549684,6.38221730e+03
-122.249835,37.541141,6.47853242e+03
-122.276324,37.546589,7.30676653e+03
-122.270719,37.547628,7.34011027e+03
-122.281295,37.553244,7.51195160e+03
-122.274247,37.558227,7.62057164e+03
-122.267663,37.554142,6.54111232e+03
-121.872377,37.347996,1.78362542e+04
-121.874069,37.343224,1.89881979e+04
-121.877474,37.350801,1.81874685e+04
-121.883298,37.347359,1.90972322e+04
-121.884112,37.341265,1.88279734e+04
-121.879980,37.339934,1.81401321e+04
-121.960285,37.354725,1.44867840e+04
-121.969547,37.356003,1.52532792e+04
-121.966438,37.350871,1.51207764e+04
-121.961062,37.369989,1.59380554e+04
-121.954870,37.368748,1.49898895e+04
-121.940365,37.346436,1.75729316e+04
-121.939982,37.340912,1.67903514e+04
-121.950663,37.346513,1.64094455e+04
-121.956302,37.342682,1.54588054e+04
-121.948187,37.336097,1.83234911e+04
-121.954209,37.337789,1.57358395e+04
-121.883756,37.389685,1.41616053e+04
-121.876267,37.389385,1.38953113e+04
-121.871400,37.381104,1.39176797e+04
-121.925921,37.324146,1.81371705e+04
-121.933930,37.328609,1.75726609e+04
-121.927418,37.338859,1.75112520e+04
-121.934537,37.336461,1.74258354e+04
-121.912458,37.340752,1.67617581e+04
-121.907526,37.337728,1.73244000e+04
-121.921195,37.334673,1.75329618e+04
-121.920305,37.327812,1.96090243e+04
-121.914292,37.323948,1.80870177e+04
-121.910250,37.327785,1.77394930e+04
-121.916848,37.300606,1.87308910e+04
-121.912725,37.304250,1.85286233e+04
-121.914057,37.296406,1.78237191e+04
-121.896820,37.292982,1.76072706e+04
-121.904523,37.291752,1.67284808e+04
-121.896973,37.299858,1.86927869e+04
-121.902687,37.304814,1.88269480e+04
-121.966375,37.308898,1.72962401e+04
-121.963789,37.313892,1.76984420e+04
-121.979710,37.315550,1.58833594e+04
-121.976115,37.310355,1.63784891e+04
-121.974898,37.320899,1.64425797e+04
-121.968717,37.320697,1.77618431e+04
-122.270163,37.804571,1.40631710e+04
-122.279763,37.808817,1.40051651e+04
-122.282343,37.807062,1.42396209e+04
-122.276603,37.807899,1.37088303e+04
-122.276289,37.804849,1.28652102e+04
-122.280476,37.801335,1.46966261e+04
-122.283369,37.802630,1.46345507e+04
-122.262694,37.788642,1.41707434e+04
-122.258231,37.795368,1.48150648e+04
-122.249129,37.794010,1.50573176e+04
-122.252043,37.795669,1.54722574e+04
-122.252944,37.778091,1.35081788e+04
-122.259362,37.780190,1.33171010e+04
-122.247335,37.785007,1.51367419e+04
-122.246375,37.792172,1.59059418e+04
-122.250915,37.852499,1.26714247e+04
-122.251160,37.857195,1.17425970e+04
-122.242215,37.858859,1.26958620e+04
-122.238860,37.852739,1.40211261e+04
-122.245238,37.849030,1.42071653e+04
-122.262427,37.870265,9.96273760e+03
-122.262054,37.865807,1.00776170e+04
-122.256660,37.871906,1.04065188e+04
-122.416920,37.792870,1.42802076e+04
-122.415177,37.791560,1.50707312e+04
-122.416726,37.789815,1.55086303e+04
-122.418554,37.788267,1.53929774e+04
-122.420640,37.788201,1.52993582e+04
-122.419894,37.783047,1.52079163e+04
-122.417607,37.783262,1.44202314e+04
-122.421303,37.780053,1.49861111e+04
-122.414689,37.781052,1.68253792e+04
-122.414362,37.776124,1.63017317e+04
-122.418689,37.775340,1.64995359e+04
-122.412309,37.783983,1.58200316e+04
-122.413395,37.783200,1.61259881e+04
-122.417718,37.786500,1.41682680e+04
-122.417062,37.784839,1.45661093e+04
-122.415649,37.786860,1.43397298e+04
-122.414813,37.784251,1.53148755e+04
-122.413907,37.785983,1.61988592e+04
-122.413727,37.785035,1.56959224e+04
-122.427886,37.786237,1.62262377e+04
-122.429795,37.790570,1.72478897e+04
-122.426942,37.789541,1.69078843e+04
-122.447924,37.767409,2.96307825e+04
-122.450301,37.774079,2.63262754e+04
-122.451344,37.771256,2.66711150e+04
-122.443998,37.773205,2.39160530e+04
-122.444229,37.767137,2.95823218e+04
-122.446599,37.763747,2.87024233e+04
-122.439941,37.761232,2.93837284e+04
-122.442904,37.763475,2.92282306e+04
-122.450995,37.756417,2.99938083e+04
-122.450198,37.761306,2.88341686e+04
-122.403835,37.755254,2.57146154e+04
-122.408513,37.755514,2.51627139e+04
-122.423108,37.769253,1.93232172e+04
-122.422501,37.764563,2.37083644e+04
-122.425577,37.763842,2.32350127e+04
-122.414439,37.758404,2.50683506e+04
-122.415356,37.762553,2.33772208e+04
-122.410302,37.758069,2.48776804e+04
-122.411218,37.762219,2.39121321e+04
-122.431009,37.742816,2.90120335e+04
-122.271296,37.815023,1.37012066e+04
-122.268194,37.822121,1.39273185e+04
-122.263716,37.821258,1.48011863e+04
-122.262020,37.815064,1.39624910e+04
-122.264435,37.810712,1.50112749e+04
-122.269233,37.809809,1.47999922e+04
-122.256391,37.813610,1.47101210e+04
-122.258311,37.814909,1.34983705e+04
-122.253328,37.815608,1.41991377e+04
-122.139739,37.713580,1.20349984e+04
-122.135793,37.720880,1.15543910e+04
-122.141393,37.719267,1.21644598e+04
-122.135491,37.708758,1.13154290e+04
-122.130415,37.705175,1.11509093e+04
-122.129063,37.711610,1.13973932e+04
-122.455739,37.718542,2.13788267e+04
-122.312855,37.927503,9.84058475e+03
-122.317549,37.924132,1.00770446e+04
-122.310329,37.921901,9.29615971e+03
-122.310990,37.916230,8.27610275e+03
-122.316742,37.916287,8.89690628e+03
-122.425341,37.791403,1.60547002e+04
-122.420859,37.792954,1.41984893e+04
-122.422408,37.790817,1.55487105e+04
-122.421481,37.795277,1.51427498e+04
-122.427455,37.794520,1.49645739e+04
-122.427369,37.797593,1.74031510e+04
-122.424162,37.797862,1.53724398e+04
-122.399953,37.751583,2.50569814e+04
-122.403443,37.748087,2.30417649e+04
-122.394171,37.754118,2.35850733e+04
-122.389781,37.747127,2.22715296e+04
-122.390177,37.739478,1.99974645e+04
-122.387689,37.733383,1.85201220e+04
-122.391461,37.732893,1.86499491e+04
-122.383684,37.731895,1.81425671e+04
-122.379433,37.729903,1.74177774e+04
-122.383549,37.725858,1.79069460e+04
-122.425375,37.754965,2.68867816e+04
-122.421848,37.756950,2.71795287e+04
-122.419992,37.754391,2.75815834e+04
-122.415335,37.733963,1.97642285e+04
-122.418502,37.736166,2.12386388e+04
-122.423750,37.736550,2.36212851e+04
-122.400665,37.717526,1.75782282e+04
-122.394937,37.719564,1.76259937e+04
-122.398817,37.720340,1.83918291e+04
-122.393910,37.729015,1.99627322e+04
-122.392282,37.724825,1.85205802e+04
-122.402304,37.725051,1.87498953e+04
-122.416811,37.708114,1.84553686e+04
-122.414360,37.712930,2.01083171e+04
-122.417242,37.712089,2.05808303e+04
-122.442126,37.714138,2.07533286e+04
-122.438377,37.711437,1.91568802e+04
-122.441389,37.725989,2.38949551e+04
-122.428205,37.773592,1.94804269e+04
-122.430425,37.767803,2.46015477e+04
-122.427581,37.767825,2.18964362e+04
-122.426347,37.770610,1.98860233e+04
-122.434980,37.787723,1.70390418e+04
-122.431590,37.788115,1.83665983e+04
-122.430898,37.785431,1.81866653e+04
-122.433439,37.782994,1.78180423e+04
-122.436572,37.784291,1.75812362e+04
-122.451593,37.779990,2.25851006e+04
-122.446060,37.783082,2.11736885e+04
-122.454740,37.785733,2.46261500e+04
-122.456318,37.782075,2.48817266e+04
-122.447912,37.787435,2.12460737e+04
-122.443957,37.786869,2.04126531e+04
-121.884488,37.382851,1.56563398e+04
-121.891955,37.383648,1.53101057e+04
-121.890659,37.373793,1.56562796e+04
-121.875430,37.378283,1.51983309e+04
-121.877435,37.368455,1.57280936e+04
-121.885197,37.363167,1.74283894e+04
-122.267394,37.799949,1.48337459e+04
-122.267154,37.802836,1.39093775e+04
-122.262017,37.799143,1.60395632e+04
-122.263039,37.806365,1.39925829e+04
-122.258480,37.808071,1.50973473e+04
-122.256165,37.805017,1.48361461e+04
-122.256527,37.801347,1.65513030e+04
-122.253430,37.864522,1.08475518e+04
-122.256315,37.865968,1.10435758e+04
-122.253767,37.868824,1.05853193e+04
-122.244259,37.866392,1.18360568e+04
-122.243961,37.863152,1.12858891e+04
-122.440838,37.768973,2.48710983e+04
-122.440182,37.772305,2.37750520e+04
-122.435915,37.767780,2.46145687e+04
-122.432670,37.769928,2.28414876e+04
-122.434272,37.774115,2.05792130e+04
-122.431683,37.772932,2.11496156e+04
-122.409741,37.753037,2.62992707e+04
-122.408552,37.749280,2.51125834e+04
-122.434982,37.755381,3.00929366e+04
-122.439502,37.757318,2.96011322e+04
-122.250900,37.821885,1.57369193e+04
-122.252800,37.818619,1.45180550e+04
-122.256383,37.818602,1.43509162e+04
-122.253871,37.826425,1.58218541e+04
-122.256815,37.823586,1.53830482e+04
-122.463886,37.715858,1.86667913e+04
-122.460675,37.718632,1.99122356e+04
-122.464145,37.723033,2.14854358e+04
-122.470482,37.716254,1.98398950e+04
-122.474814,37.719890,1.83611793e+04
-122.471688,37.723896,2.12387377e+04
-122.452154,37.726233,2.55123601e+04
-122.456075,37.723145,2.26564980e+04
-122.451006,37.732205,2.44068003e+04
-122.461072,37.726106,2.42409985e+04
-122.454866,37.736473,2.63632621e+04
-122.461269,37.737370,2.73656294e+04
-122.464874,37.732106,2.40580142e+04
-122.395953,37.734447,1.96326449e+04
-122.395662,37.739475,2.04986964e+04
-122.401508,37.742116,2.37362230e+04
-122.398402,37.730569,1.91810083e+04
-122.401766,37.728952,1.92189312e+04
-122.407570,37.738534,2.15297686e+04
-122.408747,37.734012,2.05429179e+04
-122.406340,37.730949,1.99870110e+04
-122.426146,37.748802,2.78893661e+04
-122.427256,37.751694,2.88929926e+04
-122.431084,37.746638,2.79547939e+04
-122.412063,37.741777,2.24728090e+04
-122.411110,37.746553,2.58008820e+04
-122.416407,37.739458,2.27708022e+04
-122.418416,37.731203,2.01817377e+04
-122.424150,37.733570,2.21530232e+04
-122.402023,37.713861,1.75756632e+04
-122.407261,37.713804,1.82004080e+04
-122.408709,37.699004,1.86133940e+04
-122.402176,37.702323,1.87195133e+04
-122.412424,37.708263,1.72400082e+04
-122.411129,37.711525,1.85290547e+04
-122.413009,37.717391,1.89829827e+04
-122.406671,37.724419,1.86429259e+04
-122.409703,37.727295,1.81964218e+04
-122.408728,37.717715,1.76131773e+04
-122.405866,37.720688,1.91136245e+04
-122.415191,37.727598,1.92290111e+04
-122.416747,37.722462,2.03324764e+04
-122.439430,37.716897,2.02083836e+04
-122.438187,37.721658,2.14779210e+04
-122.434720,37.723171,2.15815497e+04
-122.432362,37.720380,2.11627027e+04
-122.432081,37.716165,2.02379009e+04
-122.435682,37.714195,1.93831026e+04
-122.434269,37.740730,2.69746861e+04
-122.433761,37.735002,2.55711486e+04
-122.439201,37.732629,2.67065891e+04
-122.443622,37.735613,2.81009064e+04
-122.441030,37.740372,2.87757960e+04
-122.446623,37.754517,2.69197792e+04
-122.441692,37.755220,2.93444055e+04
-122.448628,37.747003,3.01737343e+04
-122.443541,37.745077,2.82250905e+04
-122.434951,37.748057,2.88232677e+04
-122.439774,37.749180,2.89441393e+04
-122.439929,37.751809,2.88421082e+04
-122.435268,37.752081,2.84041890e+04
-122.432339,37.750890,3.10003630e+04
-122.415544,37.748860,2.78824152e+04
-122.413004,37.748717,2.76024204e+04
-122.414633,37.752871,2.79031767e+04
-122.412094,37.752728,2.69924911e+04
-122.422628,37.742065,2.62357545e+04
-122.418689,37.741640,2.36052026e+04
-122.417594,37.746339,2.61602608e+04
-122.423105,37.746778,2.76606231e+04
-122.420317,37.748987,2.82058441e+04
-122.430543,37.730822,2.36236494e+04
-122.426037,37.731021,2.41018870e+04
-122.431651,37.725936,2.13984465e+04
-122.429293,37.723144,2.22310225e+04
-122.424007,37.720528,1.96413038e+04
-122.421858,37.723518,1.94977988e+04
