longitude,latitude,potential
-121.834303,37.206117,1.00369864e+03
-121.861883,37.206505,1.24097962e+03
-121.870492,37.214474,1.39244320e+03
-121.858241,37.214726,1.44825417e+03
-121.962464,37.218941,1.26667638e+03
-121.856680,37.221154,1.42899133e+03
-121.846879,37.223716,1.57190849e+03
-121.764702,37.224334,8.22573114e+02
-121.983392,37.225860,1.47019729e+03
-121.784560,37.226568,1.18038750e+03
-121.891508,37.227493,2.03867689e+03
-121.771150,37.229135,1.23427146e+03
-121.876851,37.229629,2.13795621e+03
-121.929229,37.230647,1.71271307e+03
-121.809631,37.231591,1.88577579e+03
-121.823157,37.232688,1.78106144e+03
-121.978018,37.232806,1.65270010e+03
-121.797357,37.232978,1.78858603e+03
-121.766568,37.236852,1.17186773e+03
-121.896880,37.237476,2.74542954e+03
-121.835296,37.238794,2.05660592e+03
-121.933454,37.239843,2.27774937e+03
-121.810389,37.240326,1.87992755e+03
-121.825154,37.240936,1.92514291e+03
-121.844472,37.241084,2.40746190e+03
-121.956353,37.241125,1.88066508e+03
-121.912931,37.242322,2.56898375e+03
-121.983585,37.243028,1.82599946e+03
-121.853150,37.244781,2.23541911e+03
-121.880685,37.245365,2.90562728e+03
-121.863443,37.246029,2.59510767e+03
-122.027053,37.247040,1.34178912e+03
-121.935970,37.247060,2.67839960e+03
-121.815835,37.247895,2.52783370e+03
-121.901193,37.248208,3.01295308e+03
-121.786204,37.248858,1.62322803e+03
-121.884511,37.251692,3.29233969e+03
-121.964368,37.251817,2.21719221e+03
-121.859914,37.252780,3.16953864e+03
-121.812549,37.254846,2.24478721e+03
-121.825166,37.255101,2.38851699e+03
-121.837650,37.255372,2.24474276e+03
-121.922105,37.255465,2.88085071e+03
-121.887144,37.256899,3.58648823e+03
-121.778697,37.258020,1.76658342e+03
-121.982203,37.258309,2.24452892e+03
-121.942782,37.258579,2.62767010e+03
-121.908748,37.259275,3.32005018e+03
-121.864269,37.260659,3.10922772e+03
-122.007747,37.261266,1.93710691e+03
-121.851259,37.261670,2.78979873e+03
-121.805682,37.261878,2.75423147e+03
-121.823632,37.263571,2.21959877e+03
-121.897417,37.263641,3.73461002e+03
-121.968051,37.264720,2.83883503e+03
-121.813658,37.265625,2.77393842e+03
-121.885942,37.266913,3.72450055e+03
-121.865127,37.269753,3.00534406e+03
-122.041379,37.270079,1.57555163e+03
-121.937692,37.271048,3.59597637e+03
-121.845376,37.271221,3.25663297e+03
-121.978167,37.271224,3.18202274e+03
-121.927311,37.271599,3.50517075e+03
-121.814603,37.272208,2.73218390e+03
-121.835940,37.273003,2.88072427e+03
-121.915390,37.273284,3.71078069e+03
-121.962772,37.273802,3.46561505e+03
-122.024028,37.274438,1.96747198e+03
-121.887985,37.276440,4.29381490e+03
-121.904678,37.277340,4.31000471e+03
-121.852519,37.277348,3.20795686e+03
-121.818264,37.280211,2.52599621e+03
-121.986266,37.280511,2.96975361e+03
-121.829662,37.280669,2.94756285e+03
-121.999122,37.280795,2.46339967e+03
-121.936623,37.282147,3.95266233e+03
-121.969748,37.282166,3.63187735e+03
-121.873665,37.282178,3.63201459e+03
-121.744115,37.283602,1.05435794e+03
-121.892290,37.284049,4.01905812e+03
-121.954081,37.284587,3.86850888e+03
-121.779333,37.285936,1.82325185e+03
-121.830206,37.287207,2.90480242e+03
-121.945131,37.287227,3.63692270e+03
-121.927438,37.287717,3.60384433e+03
-122.018707,37.288645,2.40555525e+03
-122.310176,37.288812,2.03438662e+02
-121.860980,37.288866,3.55255646e+03
-121.839550,37.289215,3.00091129e+03
-121.823946,37.289236,3.33299781e+03
-121.914492,37.290388,4.02398897e+03
-121.970167,37.290453,4.63641249e+03
-121.981687,37.292957,3.65270271e+03
-121.891382,37.294078,4.73597210e+03
-121.759644,37.294500,1.83778097e+03
-121.816254,37.296178,3.59434938e+03
-121.969589,37.296961,4.35023047e+03
-121.920893,37.298011,4.96764782e+03
-121.877713,37.298200,4.83981741e+03
-121.954860,37.298471,4.00141705e+03
-121.845831,37.299730,3.75012694e+03
-121.990038,37.300368,3.23892916e+03
-121.906787,37.300819,4.54939639e+03
-121.809995,37.301190,2.95907128e+03
-121.788215,37.301198,2.34259517e+03
-121.946248,37.301363,4.30142374e+03
-121.837590,37.301446,3.51840910e+03
-122.019073,37.302019,2.86571744e+03
-122.037885,37.302357,2.49559967e+03
-122.001714,37.302823,2.94633548e+03
-122.010198,37.302857,2.72034586e+03
-121.922863,37.302987,4.34147363e+03
-122.028785,37.303077,2.86418345e+03
-122.051982,37.304131,2.33955869e+03
-121.971727,37.304539,3.45831504e+03
-121.892750,37.304678,4.75410590e+03
-121.937023,37.304919,4.09733336e+03
-121.826271,37.305003,3.47158625e+03
-121.804444,37.307663,3.25313327e+03
-121.790860,37.308339,2.83526482e+03
-121.908525,37.308945,4.89898767e+03
-121.875870,37.309241,4.54440763e+03
-121.956470,37.309851,4.15391242e+03
-121.765004,37.310399,2.17847646e+03
-121.923805,37.310720,4.72119609e+03
-121.853597,37.310896,4.31319983e+03
-121.778939,37.311595,2.67318061e+03
-121.833128,37.311726,3.57093477e+03
-121.970927,37.312304,3.89732142e+03
-122.041614,37.312691,2.69269642e+03
-121.822303,37.313184,3.44557661e+03
-121.985691,37.314221,3.32537639e+03
-121.946508,37.315540,4.03155236e+03
-121.880515,37.316082,5.93933384e+03
-121.896115,37.316472,5.52185879e+03
-122.023131,37.317378,2.97667836e+03
-122.001483,37.317486,2.91371849e+03
-122.010779,37.317534,2.74411509e+03
-121.842193,37.317895,3.97443035e+03
-121.802200,37.317961,3.94628762e+03
-121.909324,37.318218,5.68670624e+03
-121.817570,37.318733,4.39410191e+03
-121.963969,37.319520,3.85956970e+03
-121.919632,37.319869,4.98222579e+03
-121.982513,37.320126,3.71272193e+03
-121.773023,37.320310,2.86362643e+03
-121.789145,37.320357,3.51110533e+03
-122.050286,37.320389,2.65731650e+03
-122.068670,37.321215,1.93357160e+03
-121.884841,37.322218,5.91236470e+03
-121.840038,37.322472,4.19674902e+03
-121.855707,37.322736,4.82081698e+03
-121.930768,37.322759,4.65941310e+03
-121.871301,37.323857,5.54305256e+03
-121.833502,37.324450,4.17776904e+03
-122.110151,37.326465,1.12037718e+03
-121.985850,37.326850,3.17894567e+03
-121.790001,37.327607,3.29924285e+03
-121.852034,37.327655,4.45698606e+03
-121.825536,37.328568,4.28085513e+03
-121.896485,37.328602,5.63750325e+03
-122.041961,37.329147,2.62368733e+03
-121.803908,37.329520,3.59038409e+03
-121.927363,37.329809,4.80883565e+03
-121.876139,37.329928,6.46423151e+03
-121.971254,37.330268,3.41390234e+03
-122.023241,37.330886,2.50526133e+03
-122.003183,37.331013,2.70918603e+03
-121.776425,37.331051,2.47862696e+03
-121.907506,37.331381,6.42722855e+03
-121.847488,37.331496,4.78139315e+03
-121.957205,37.331870,4.05176865e+03
-121.839769,37.332759,4.68868541e+03
-121.943659,37.333258,4.54175027e+03
-122.049284,37.333742,2.74058860e+03
-121.913921,37.333757,5.59767522e+03
-121.878444,37.333873,8.14298725e+03
-121.791895,37.333925,3.07726174e+03
-121.984881,37.334296,3.14138732e+03
-121.885044,37.335084,6.33710128e+03
-121.834414,37.336089,5.40814792e+03
-121.863779,37.338027,5.12421515e+03
-121.875525,37.338088,6.49262288e+03
-121.961725,37.338335,3.97349788e+03
-121.922302,37.340452,4.82093254e+03
-121.832959,37.340998,5.57771287e+03
-121.986670,37.341349,3.70331524e+03
-122.080149,37.341387,2.02713852e+03
-121.858220,37.341507,4.81115811e+03
-121.887921,37.342079,5.45358224e+03
-121.797792,37.342444,3.35685535e+03
-122.037541,37.342676,2.48976700e+03
-121.814756,37.342682,3.89870800e+03
-121.943698,37.343162,4.65695326e+03
-121.827137,37.343966,4.95194701e+03
-122.046314,37.344247,3.15671511e+03
-122.003863,37.344551,3.25423559e+03
-122.027342,37.344632,3.07152526e+03
-122.056714,37.344794,2.56564375e+03
-121.867313,37.344952,5.35712556e+03
-121.839390,37.345523,4.24989012e+03
-122.017285,37.345610,2.70643785e+03
-121.932589,37.346316,4.03889024e+03
-122.071309,37.346496,2.26584429e+03
-121.963483,37.346548,3.99322914e+03
-121.879370,37.346631,5.54708754e+03
-121.972694,37.346661,3.34672641e+03
-121.853697,37.347339,4.49298466e+03
-121.891906,37.347641,5.71630135e+03
-121.901152,37.348046,4.93796592e+03
-121.988705,37.348904,3.76073969e+03
-121.819936,37.349265,4.23710026e+03
-121.801464,37.349393,2.99484035e+03
-121.944807,37.349829,4.07459313e+03
-121.845233,37.349897,5.14218398e+03
-121.787177,37.350076,2.60015584e+03
-121.870448,37.352404,4.22193307e+03
-121.882603,37.353367,3.93987795e+03
-122.096103,37.353549,1.97859684e+03
-121.833617,37.354334,3.93617817e+03
-121.811565,37.354350,3.34527033e+03
-121.847659,37.354433,4.62655374e+03
-121.862179,37.355024,4.27178174e+03
-122.042865,37.355827,2.71949058e+03
-122.026949,37.356804,2.81887463e+03
-121.998496,37.357164,4.05971584e+03
-122.010174,37.357685,3.14358470e+03
-121.889739,37.357964,4.34344025e+03
-121.954237,37.358222,4.41342521e+03
-121.852676,37.358229,4.46741289e+03
-122.080427,37.358630,2.24722735e+03
-121.827559,37.359288,4.48980110e+03
-121.981023,37.359325,3.45129082e+03
-121.963136,37.359404,3.34404295e+03
-121.990372,37.359480,3.98440403e+03
-122.002322,37.359716,3.38379283e+03
-122.138482,37.360924,1.07043967e+03
-121.845602,37.361783,4.08847672e+03
-121.972812,37.361944,2.93190458e+03
-121.912359,37.362668,3.46176139e+03
-122.056084,37.363006,2.22178229e+03
-121.860387,37.363039,3.93788681e+03
-122.021261,37.363692,3.32479486e+03
-121.815534,37.363898,3.44996650e+03
-122.041580,37.364586,2.58628052e+03
-121.841744,37.365185,4.11240424e+03
-121.984879,37.367906,2.96795776e+03
-121.821026,37.368757,3.69397884e+03
-121.837112,37.368768,3.84042708e+03
-122.089213,37.369157,1.93004096e+03
-122.011927,37.370119,2.79556265e+03
-122.071812,37.370123,2.13991609e+03
-121.852672,37.370566,3.28336803e+03
-121.803325,37.370801,2.06328680e+03
-122.100917,37.372949,2.23184603e+03
-122.026977,37.373029,2.77318181e+03
-121.866451,37.373827,2.72546538e+03
-121.828903,37.374057,3.33884852e+03
-122.040918,37.376515,2.82303138e+03
-121.845727,37.376787,3.56310974e+03
-122.111254,37.376949,1.92196004e+03
-122.062994,37.377449,2.49839381e+03
-121.883250,37.378170,2.95419364e+03
-122.050182,37.378511,2.46190487e+03
-122.209692,37.378663,5.47055435e+02
-122.131527,37.378861,1.57592324e+03
-122.081901,37.379108,2.12004198e+03
-122.056601,37.379847,2.79913071e+03
-121.876588,37.382853,3.04824774e+03
-121.849817,37.382857,2.72774376e+03
-121.821636,37.383283,2.50512050e+03
-122.015517,37.383474,3.05630257e+03
-121.835323,37.383752,2.46752559e+03
-122.093761,37.384820,2.28500197e+03
-121.898989,37.385244,2.90706616e+03
-122.024454,37.385269,2.91394397e+03
-121.871160,37.386632,2.81540049e+03
-122.073661,37.386642,2.09740004e+03
-122.043527,37.387008,2.20669902e+03
-121.893627,37.387531,3.35542680e+03
-121.947238,37.388619,2.23855052e+03
-122.081136,37.390327,2.38830867e+03
-121.853826,37.390791,2.23691198e+03
-122.007750,37.391054,2.41279641e+03
-122.107889,37.391779,2.17294832e+03
-122.020958,37.392159,2.56641507e+03
-121.864464,37.393253,3.18795793e+03
-122.062262,37.393307,2.11677721e+03
-122.119926,37.393441,2.00900221e+03
-122.090144,37.395194,2.45874693e+03
-122.001666,37.395952,3.11547049e+03
-121.991284,37.396128,2.26639208e+03
-121.949808,37.397437,2.63556481e+03
-122.096743,37.398089,2.56794281e+03
-121.881053,37.398670,2.77313090e+03
-121.960105,37.400105,1.95227570e+03
-122.074484,37.400272,1.82427247e+03
-121.923796,37.400549,2.19449427e+03
-122.017999,37.401070,1.87710018e+03
-122.103922,37.401435,2.72210850e+03
-121.855152,37.401653,2.36717902e+03
-122.063191,37.402341,1.77434096e+03
-122.003950,37.402956,2.28973392e+03
-121.871277,37.403313,2.56255995e+03
-121.837871,37.403469,1.65746596e+03
-122.083883,37.404370,1.95013187e+03
-122.092192,37.406296,2.43911446e+03
-122.113695,37.407155,2.12305115e+03
-121.938480,37.407207,2.22197930e+03
-122.060592,37.408053,1.55975628e+03
-122.263885,37.408649,5.06542519e+02
-122.143622,37.408671,1.21314468e+03
-121.878998,37.408710,2.44780237e+03
-121.859586,37.409408,2.26342444e+03
-122.100073,37.409778,1.99443614e+03
-122.129717,37.409949,1.85099083e+03
-121.906410,37.410063,2.14092565e+03
-122.092063,37.414160,1.78315758e+03
-122.110985,37.414437,1.89510173e+03
-121.954704,37.415473,1.83753203e+03
-122.072360,37.416041,1.39964873e+03
-122.126316,37.416142,1.68331818e+03
-121.864889,37.416494,1.94825898e+03
-121.903605,37.419590,2.34580627e+03
-122.120463,37.420525,1.56245761e+03
-121.876776,37.421195,2.28996956e+03
-122.153271,37.422207,1.44001373e+03
-122.175885,37.423753,1.04620163e+03
-122.204626,37.424316,8.47976587e+02
-122.159762,37.424989,1.19403268e+03
-121.869256,37.425831,2.00751667e+03
-122.109929,37.426513,1.37149730e+03
-122.129656,37.427392,1.47921046e+03
-121.970397,37.427540,1.35869751e+03
-121.880948,37.431385,2.02379010e+03
-122.202576,37.431930,1.21457995e+03
-121.855566,37.433009,1.22540402e+03
-121.871107,37.433589,1.76005063e+03
-122.143461,37.435559,1.39385882e+03
-121.913083,37.435778,1.58461418e+03
-122.193047,37.436605,1.08770350e+03
-122.180437,37.437002,1.31503913e+03
-122.122268,37.437556,1.34519525e+03
-121.904322,37.438181,1.74902542e+03
-121.880442,37.439486,1.67716391e+03
-121.897599,37.441437,1.73598376e+03
-122.252766,37.442710,8.19131697e+02
-122.187719,37.443646,1.40143062e+03
-122.153907,37.443896,1.59224506e+03
-122.132701,37.446044,1.35605311e+03
-122.182630,37.448722,1.45159723e+03
-122.161963,37.448829,1.33111731e+03
-122.209832,37.449581,1.12124084e+03
-121.886937,37.449727,1.41557279e+03
-122.423315,37.449756,2.84305065e+02
-122.147617,37.450949,1.49056524e+03
-121.901246,37.451060,1.40263749e+03
-121.915495,37.452002,1.23804921e+03
-122.224729,37.453968,1.02451047e+03
-122.179367,37.455740,1.34340308e+03
-122.234616,37.456333,1.31747124e+03
-121.906536,37.458748,1.31337801e+03
-122.250814,37.458799,1.05451856e+03
-122.142442,37.458985,1.25986683e+03
-122.160922,37.461807,1.17890106e+03
-122.131101,37.463289,1.07763904e+03
-122.267100,37.465536,7.61396414e+02
-122.232753,37.465916,1.24241370e+03
-122.187077,37.467544,1.33169794e+03
-122.146690,37.468861,1.07805164e+03
-122.219478,37.469410,1.20527571e+03
-122.225930,37.470447,1.46011563e+03
-121.913353,37.470574,1.23620308e+03
-122.251526,37.471558,9.80251453e+02
-122.209529,37.471937,1.50881644e+03
-122.198045,37.474352,1.33939229e+03
-122.170285,37.475100,1.25414735e+03
-122.159064,37.475837,9.18163705e+02
-122.138236,37.476059,9.10606676e+02
-122.231250,37.477060,1.38179143e+03
-122.437370,37.477074,3.62651276e+02
-122.203652,37.479029,1.34831208e+03
-122.247617,37.479281,1.36763347e+03
-122.225059,37.479896,1.47148781e+03
-121.920129,37.482374,9.53230297e+02
-122.191566,37.482936,1.16290505e+03
-122.274620,37.483676,9.73796825e+02
-122.217973,37.484004,1.30767028e+03
-122.241614,37.485155,1.25681276e+03
-122.230432,37.486426,1.09952381e+03
-121.906011,37.488161,9.86221900e+02
-121.924551,37.489265,9.09127359e+02
-122.274377,37.489440,1.47872261e+03
-122.252137,37.490629,1.14887485e+03
-122.204141,37.491244,8.76623657e+02
-122.237682,37.492574,9.02067168e+02
-122.262306,37.493965,1.20817260e+03
-122.281087,37.495413,1.51253987e+03
-122.256964,37.498980,1.18749997e+03
-122.277116,37.504235,1.26598826e+03
-122.469139,37.505925,3.42279220e+02
-122.265835,37.506912,1.19832756e+03
-122.303273,37.507242,7.19749440e+02
-121.927245,37.507335,1.21268722e+03
-122.259780,37.511242,1.20468311e+03
-122.279763,37.513048,1.09805610e+03
-121.912551,37.515288,1.05950452e+03
-121.960506,37.516438,1.12421245e+03
-122.308600,37.517028,9.07880919e+02
-121.973914,37.518372,9.75203358e+02
-121.998672,37.518819,8.84794615e+02
-121.951827,37.519068,1.33192332e+03
-121.999414,37.520638,1.11377012e+03
-122.289324,37.521286,9.39020490e+02
-122.345791,37.521374,6.80874262e+02
-121.930044,37.521722,1.33644258e+03
-122.276444,37.526198,1.17438385e+03
-122.045271,37.526727,9.07189017e+02
-122.325402,37.526950,1.00008844e+03
-122.336675,37.527067,1.07625989e+03
-122.304004,37.527235,1.20667388e+03
-121.960033,37.528089,1.20967056e+03
-121.991923,37.528541,1.09002831e+03
-122.015382,37.528970,1.06076303e+03
-122.507326,37.530867,3.24170398e+02
-122.251647,37.531721,1.03442884e+03
-122.282612,37.531750,1.07041607e+03
-121.925766,37.531756,1.09049155e+03
-121.974035,37.531986,1.27539746e+03
-122.297706,37.533034,1.17897887e+03
-122.028417,37.534093,1.13787135e+03
-122.311487,37.534888,1.13819852e+03
-122.053685,37.535940,1.29165579e+03
-121.961412,37.536124,1.49560030e+03
-122.035195,37.536305,1.29503724e+03
-122.007806,37.537368,1.20060921e+03
-122.288888,37.537388,1.49713844e+03
-121.986796,37.537437,1.44949921e+03
-121.942076,37.537527,1.16743834e+03
-122.264555,37.538473,1.32362745e+03
-122.239813,37.539956,8.19555840e+02
-121.978293,37.540775,1.62301823e+03
-122.271945,37.540924,1.39257624e+03
-122.322682,37.540951,1.21700717e+03
-122.045557,37.542016,1.50159666e+03
-121.968864,37.542458,1.50279753e+03
-121.997370,37.543725,1.27113326e+03
-122.310923,37.543976,1.18705584e+03
-121.976145,37.544784,1.73107982e+03
-122.283920,37.545515,1.27162442e+03
-121.950169,37.547219,1.50275046e+03
-122.297333,37.548354,1.24515036e+03
-122.267105,37.548633,1.30971245e+03
-122.347644,37.549422,9.65234292e+02
-122.004837,37.549808,1.43243128e+03
-122.034730,37.550387,1.58008970e+03
-122.258045,37.551746,1.03237673e+03
-121.988007,37.552176,1.48497136e+03
-122.273107,37.553327,1.25742599e+03
-122.011264,37.553768,1.26124527e+03
-122.329500,37.553914,1.46686823e+03
-122.316948,37.554069,1.17653682e+03
-121.944510,37.556646,1.00751841e+03
-121.969466,37.556906,1.33019895e+03
-122.252237,37.557349,8.69600666e+02
-122.021650,37.557474,1.62022455e+03
-121.992580,37.559156,1.31554247e+03
-122.307892,37.559410,1.21588393e+03
-122.262777,37.560466,1.01103312e+03
-122.286857,37.560889,1.04181716e+03
-122.295274,37.560983,1.26802356e+03
-122.326103,37.561789,1.24787618e+03
-122.054408,37.562519,2.05138485e+03
-122.029849,37.563324,1.87635159e+03
-121.972960,37.564127,1.33672264e+03
-122.046985,37.564604,1.84191415e+03
-122.368464,37.564953,7.97290477e+02
-122.302484,37.564980,1.41609948e+03
-122.319363,37.565573,1.14226632e+03
-122.258920,37.567175,9.11715116e+02
-122.344615,37.568561,1.18151202e+03
-122.004813,37.569161,1.20436756e+03
-122.019216,37.569256,1.44350695e+03
-122.305747,37.570766,1.02830883e+03
-122.333719,37.571984,1.18418954e+03
-122.051936,37.572116,2.02193973e+03
-122.321957,37.572405,1.19744548e+03
-122.067647,37.573427,1.75239100e+03
-122.037398,37.573508,1.63727129e+03
-122.074549,37.577352,1.59276209e+03
-122.349472,37.577373,1.02775020e+03
-121.968635,37.577586,1.01299006e+03
-122.317305,37.578295,9.06086384e+02
-121.991678,37.579125,1.08772089e+03
-122.331173,37.579130,1.26363445e+03
-122.362092,37.582075,1.00607522e+03
-122.040375,37.582266,1.92993573e+03
-122.018969,37.582281,1.45145417e+03
-122.083299,37.583797,1.25961186e+03
-122.376443,37.583941,8.38664974e+02
-122.389184,37.584053,9.13390046e+02
-122.345221,37.584225,9.13181112e+02
-122.057448,37.584831,1.95162142e+03
-122.068313,37.584964,2.03546247e+03
-122.077232,37.587489,1.65296556e+03
-122.369252,37.587778,1.04035559e+03
-122.487087,37.588270,8.07732697e+02
-122.398560,37.588770,1.18333295e+03
-122.027690,37.589678,1.39211289e+03
-122.012223,37.590663,1.19652378e+03
-122.048874,37.591379,1.67468975e+03
-122.468943,37.591802,8.18858927e+02
-122.500344,37.592216,8.12754245e+02
-122.065065,37.593398,1.53210300e+03
-122.406614,37.593849,1.12318799e+03
-122.078574,37.594544,1.38770733e+03
-122.001607,37.595947,9.56963536e+02
-122.397882,37.599694,1.19427413e+03
-122.022415,37.600154,1.12741964e+03
-122.416665,37.600351,1.24716957e+03
-122.073504,37.602360,1.42375607e+03
-122.047828,37.602857,1.37619664e+03
-122.394789,37.605828,1.06545251e+03
-122.409308,37.607663,1.35242762e+03
-122.483089,37.613403,1.15991572e+03
-122.376861,37.614757,8.50261849e+02
-122.416091,37.615380,1.60695549e+03
-122.037345,37.616828,1.48974965e+03
-122.029865,37.617845,1.32664855e+03
-122.434556,37.618177,1.40521402e+03
-122.428551,37.619845,1.71642662e+03
-122.103768,37.621268,1.46725707e+03
-122.083168,37.621384,1.69794198e+03
-122.409447,37.623006,1.60242168e+03
-122.420660,37.623350,1.82710872e+03
-122.068104,37.625168,1.61236424e+03
-122.076544,37.626305,1.94627404e+03
-122.524839,37.626609,8.44685179e+02
-122.059399,37.627421,1.61170385e+03
-122.088435,37.628139,1.72315893e+03
-122.099140,37.628586,1.86310531e+03
-122.459506,37.630105,1.80145581e+03
-122.409234,37.631321,1.44822049e+03
-122.427376,37.631643,1.53188819e+03
-122.048879,37.632281,1.73975584e+03
-122.448328,37.632324,2.08627264e+03
-122.488310,37.634340,1.59772815e+03
-122.069820,37.634584,1.95210414e+03
-122.080097,37.635690,1.94153500e+03
-122.093488,37.635997,2.29238665e+03
-122.073291,37.638237,2.36771484e+03
-122.451471,37.640226,2.24465031e+03
-121.846050,37.641706,4.48192312e+02
-122.060147,37.641772,1.59227052e+03
-122.087027,37.642549,2.22533303e+03
-122.111980,37.642646,1.75414461e+03
-122.433313,37.643398,2.15078014e+03
-122.068669,37.643431,1.95074906e+03
-122.080105,37.643779,2.31649954e+03
-122.100411,37.645359,1.95548926e+03
-122.461546,37.646490,2.39387504e+03
-122.474916,37.650227,2.24354469e+03
-122.422994,37.650231,1.80442343e+03
-122.488380,37.650847,2.28730244e+03
-122.084816,37.651302,2.37073346e+03
-121.781995,37.653118,3.22767382e+02
-122.093603,37.653836,2.00318903e+03
-122.461273,37.654665,2.22521688e+03
-122.044197,37.655166,1.50288509e+03
-121.919737,37.655914,5.70242710e+02
-122.446126,37.655958,2.59730696e+03
-122.417763,37.655980,2.09422570e+03
-122.078889,37.656859,2.03151160e+03
-122.469878,37.657378,2.52843585e+03
-121.883001,37.657743,5.26732017e+02
-122.070903,37.659356,1.70789987e+03
-122.483150,37.659649,2.43566534e+03
-121.865232,37.660219,5.47007714e+02
-122.436916,37.660443,2.34287868e+03
-122.406934,37.661141,2.31853821e+03
-122.109848,37.661497,1.99777968e+03
-121.850007,37.661658,5.08175253e+02
-122.100425,37.662083,1.91670235e+03
-121.788358,37.662511,4.08340714e+02
-122.456009,37.662725,2.05422712e+03
-122.417114,37.664308,2.42893838e+03
-122.432560,37.664929,2.01186150e+03
-122.043477,37.666646,1.68083610e+03
-122.464718,37.666801,2.30518871e+03
-122.090944,37.667098,1.88358947e+03
-121.800524,37.667847,3.55319015e+02
-122.112151,37.668488,2.12008956e+03
-122.136954,37.668865,1.53502626e+03
-121.899673,37.669327,6.26089349e+02
-122.478329,37.670316,3.01731281e+03
-121.761705,37.670965,3.20950007e+02
-122.066180,37.671564,1.76405609e+03
-121.788228,37.671642,3.72343632e+02
-121.776066,37.671706,3.71572691e+02
-122.123032,37.672135,2.01046551e+03
-121.883395,37.672434,7.14532261e+02
-122.030251,37.672746,1.50203586e+03
-121.914570,37.673284,7.26832670e+02
-121.869790,37.673698,5.81912951e+02
-122.082822,37.673716,1.80513867e+03
-122.102084,37.674612,2.06162877e+03
-122.144092,37.674658,1.83771901e+03
-122.485085,37.675051,3.56848272e+03
-121.741825,37.675984,3.04157771e+02
-122.490963,37.676901,2.52783062e+03
-122.129811,37.679065,1.69305461e+03
-122.117376,37.680214,2.08314207e+03
-122.092731,37.680417,1.70615245e+03
-122.479183,37.680526,3.10024453e+03
-122.065219,37.680990,1.84422928e+03
-121.884142,37.681135,6.81493119e+02
-122.106711,37.681524,2.00936103e+03
-122.404116,37.681955,2.42686807e+03
-121.727563,37.682408,2.87373700e+02
-121.908145,37.682446,7.29981142e+02
-121.748577,37.683688,3.61707034e+02
-122.228149,37.683697,1.16249108e+03
-122.455883,37.683838,2.99101615e+03
-122.154919,37.684411,2.35127489e+03
-122.051839,37.685010,1.67462408e+03
-121.779174,37.685292,3.58219026e+02
-122.082131,37.685328,2.01459239e+03
-122.144993,37.685659,2.30507366e+03
-121.866409,37.686403,5.96071080e+02
-122.113763,37.687061,1.99402902e+03
-122.168735,37.687374,1.78562453e+03
-122.066213,37.688063,2.27074138e+03
-121.795745,37.688697,3.40024797e+02
-122.462771,37.689133,3.97711026e+03
-121.725131,37.689443,3.16019065e+02
-121.736502,37.691072,3.20426219e+02
-122.488948,37.691210,2.80478541e+03
-121.784165,37.691240,3.39170702e+02
-122.478790,37.691265,3.81859556e+03
-121.884479,37.692046,7.21951547e+02
-122.110802,37.692714,1.84039888e+03
-122.078141,37.693136,2.55533124e+03
-121.764885,37.693188,3.17061047e+02
-122.154876,37.696161,2.29569306e+03
-122.458296,37.696258,5.28028703e+03
-121.867036,37.696329,6.24851677e+02
-122.140737,37.697187,2.30692357e+03
-122.465477,37.697293,5.21453053e+03
-121.707517,37.698254,2.19273743e+02
-122.083533,37.698365,2.13309373e+03
-122.112872,37.698490,2.03169519e+03
-122.065672,37.699006,2.17794516e+03
-122.122708,37.699054,1.82831651e+03
-122.480619,37.699565,4.07391630e+03
-122.133506,37.701242,2.06977498e+03
-122.105916,37.701711,1.81578644e+03
-122.096691,37.703598,1.71107838e+03
-122.415205,37.703674,5.86849881e+03
-122.484261,37.703744,4.92664189e+03
-122.430439,37.705124,5.90908367e+03
-122.453023,37.705357,6.47862510e+03
-122.463027,37.705388,6.10395625e+03
-122.444936,37.705633,5.96303197e+03
-122.082551,37.706165,1.81648925e+03
-121.941764,37.706403,7.46381610e+02
-121.885743,37.706707,6.42050425e+02
-121.863099,37.707005,5.09341334e+02
-122.182202,37.707114,1.80454469e+03
-122.443836,37.709716,5.88652852e+03
-122.415261,37.709734,8.12828665e+03
-122.137937,37.709804,2.73616485e+03
-121.951550,37.710144,6.81905049e+02
-122.431512,37.710801,7.18471241e+03
-122.419968,37.710935,7.44116609e+03
-121.738345,37.711080,2.77632986e+02
-122.452865,37.711133,6.08982270e+03
-122.406806,37.711382,7.85579443e+03
-122.031666,37.712241,1.21622275e+03
-122.490103,37.713277,4.76757088e+03
-122.466753,37.713399,7.86893414e+03
-122.411321,37.713459,8.96238287e+03
-122.395607,37.713632,5.32038699e+03
-122.439784,37.713793,9.05540372e+03
-121.920255,37.714113,7.42899115e+02
-121.864027,37.714489,5.28991973e+02
-122.064495,37.714765,1.95286344e+03
-122.457337,37.714792,8.57083798e+03
-122.135031,37.715228,2.10182207e+03
-122.416498,37.715598,7.65558640e+03
-122.094210,37.715623,1.41205232e+03
-122.081571,37.715635,1.65289639e+03
-122.146249,37.715707,2.00876740e+03
-122.477126,37.715980,7.14001645e+03
-122.403655,37.716570,8.12042396e+03
-121.885933,37.716635,6.19725650e+02
-121.933437,37.717000,7.39543701e+02
-122.166407,37.717452,2.19413925e+03
-122.435750,37.717992,8.70257895e+03
-122.442757,37.718906,7.00268929e+03
-122.452759,37.719112,8.05774752e+03
-122.480636,37.719138,7.99054978e+03
-122.467567,37.719383,8.48959382e+03
-122.428980,37.719701,9.93284142e+03
-122.391095,37.720048,7.91518548e+03
-122.129449,37.720547,1.98512375e+03
-122.049457,37.720897,1.20304241e+03
-121.914653,37.721142,6.88330344e+02
-121.856274,37.721597,4.69520820e+02
-122.457120,37.721721,1.02729328e+04
-121.740212,37.722142,2.35245539e+02
-122.402733,37.722377,9.02537319e+03
-122.153333,37.722579,2.41630144e+03
-122.411209,37.723117,9.88692686e+03
-122.432357,37.723447,1.19250107e+04
-122.479750,37.724308,6.52428109e+03
-122.171991,37.724403,2.50972292e+03
-122.398110,37.725012,8.79491959e+03
-122.426542,37.726285,8.82644629e+03
-122.142899,37.726866,2.14375848e+03
-122.406070,37.727764,1.15674741e+04
-122.467748,37.727996,8.77904282e+03
-122.436054,37.728075,8.88984193e+03
-122.371911,37.728111,3.89500666e+03
-122.458347,37.728602,8.14060615e+03
-122.422534,37.728672,9.43790782e+03
-122.178207,37.729406,2.64240660e+03
-122.387642,37.729416,8.45118401e+03
-121.937823,37.730855,7.30231408e+02
-122.445355,37.730985,9.88878819e+03
-122.411831,37.731004,1.18951061e+04
-122.166800,37.731435,3.13342274e+03
-122.183268,37.732071,2.69141373e+03
-122.156416,37.732142,2.97397206e+03
-122.486751,37.732171,5.94509063e+03
-122.378747,37.732181,6.77668511e+03
-122.239647,37.732329,1.90104609e+03
-122.395977,37.732617,1.16810143e+04
-122.420883,37.733932,1.13238204e+04
-122.401119,37.734079,1.01942257e+04
-122.384662,37.734087,8.37251752e+03
-122.188832,37.734916,2.33293862e+03
-122.147254,37.736100,2.70194516e+03
-122.390764,37.736646,9.43741756e+03
-122.413290,37.736954,1.21916914e+04
-122.449317,37.737029,8.77525511e+03
-122.421334,37.737613,1.13758827e+04
-122.429034,37.738105,1.04602423e+04
-122.172261,37.738359,3.42677751e+03
-122.436194,37.738826,1.26375081e+04
-122.485449,37.739497,7.18535824e+03
-122.468526,37.739721,8.13938233e+03
-121.930186,37.740756,7.23377221e+02
-122.162165,37.741093,3.64128899e+03
-122.498261,37.741214,6.00704213e+03
-122.248442,37.742265,2.18781791e+03
-122.504213,37.742436,5.65363901e+03
-122.135552,37.743410,1.93724826e+03
-122.420135,37.743500,1.25121642e+04
-122.456935,37.743787,1.08254216e+04
-122.414598,37.743808,1.32641684e+04
-122.408300,37.744570,1.32030967e+04
-122.426414,37.745082,1.20742924e+04
-121.948735,37.745243,7.57910506e+02
-122.437580,37.745260,1.23354464e+04
-122.176564,37.745747,3.24219657e+03
-122.157499,37.745759,3.05408127e+03
-122.480253,37.746054,7.53935997e+03
-122.489797,37.746055,7.52575439e+03
-122.468910,37.746620,8.86049363e+03
-122.166517,37.746755,3.24504411e+03
-122.153917,37.747626,2.84507556e+03
-122.395104,37.747700,9.47953049e+03
-121.969263,37.748223,7.72408137e+02
-122.438015,37.749338,1.59365703e+04
-122.429258,37.749572,1.54484026e+04
-122.452839,37.751040,1.22120730e+04
-122.413983,37.751064,1.85308748e+04
-122.410432,37.751280,1.74687040e+04
-122.180804,37.751321,3.43474705e+03
-122.418050,37.751708,1.45166580e+04
-122.422765,37.751752,1.29661469e+04
-122.406924,37.751990,1.45780487e+04
-122.472238,37.752111,1.16730170e+04
-122.490350,37.752701,9.47285977e+03
-122.443727,37.752941,1.43936477e+04
-122.438045,37.753147,1.59488088e+04
-122.480832,37.753152,1.00129436e+04
-122.172472,37.753377,3.79979388e+03
-122.429745,37.753759,1.75913824e+04
-121.896311,37.753808,5.82241518e+02
-122.505576,37.754018,5.92013793e+03
-122.397832,37.755060,1.12721094e+04
-122.165716,37.755620,3.44307392e+03
-122.186029,37.755682,2.98908449e+03
-122.411866,37.755841,1.75962011e+04
-122.241445,37.755936,3.10935481e+03
-122.468804,37.757137,1.14242531e+04
-121.949343,37.757629,7.75144778e+02
-122.499332,37.757846,7.26581550e+03
-122.456841,37.758640,1.22285121e+04
-122.406750,37.758711,1.30884498e+04
-122.482533,37.758854,1.08788102e+04
-122.437156,37.759236,2.00955487e+04
-122.157665,37.759356,2.76527152e+03
-122.423616,37.759385,1.72149468e+04
-122.196713,37.759438,2.56336713e+03
-122.443304,37.759571,1.62599687e+04
-122.389577,37.759594,9.37311061e+03
-122.412290,37.759656,1.47550796e+04
-122.419162,37.759714,1.41079446e+04
-122.430967,37.759760,2.24373392e+04
-122.235134,37.760085,3.20760406e+03
-122.134933,37.760102,1.65428255e+03
-122.178894,37.760259,3.87399428e+03
-122.490988,37.760340,1.05720791e+04
-122.258967,37.760371,3.87395000e+03
-122.401990,37.760542,1.09781607e+04
-122.506382,37.761433,5.82369514e+03
-122.250698,37.761732,3.73912150e+03
-122.551862,37.762160,1.53193485e+03
-122.480595,37.762474,1.21739602e+04
-122.395861,37.762512,1.12953543e+04
-122.473960,37.763025,1.22972565e+04
-122.467344,37.763109,1.23629856e+04
-122.269128,37.764047,3.47216585e+03
-121.974759,37.764404,8.17491631e+02
-122.231330,37.764448,3.29391783e+03
-122.459382,37.764546,1.42583455e+04
-121.909940,37.764693,6.46247148e+02
-122.171070,37.764837,3.54830352e+03
-122.439364,37.764890,1.99691442e+04
-122.183777,37.764969,3.96683614e+03
-122.429138,37.765099,2.63470099e+04
-122.450449,37.765706,1.56542507e+04
-122.446043,37.765964,2.15800147e+04
-122.208745,37.766422,2.87355152e+03
-122.432511,37.766976,2.90796957e+04
-122.423978,37.767042,2.07891081e+04
-122.419909,37.767263,1.46555981e+04
-121.893950,37.767312,5.34728174e+02
-122.248509,37.767344,3.72427268e+03
-121.928871,37.767436,7.41437650e+02
-122.414615,37.768290,1.06885187e+04
-122.189780,37.768332,3.30958901e+03
-122.197642,37.769421,3.28800659e+03
-122.468561,37.770011,1.39031831e+04
-122.257843,37.770244,3.67592228e+03
-122.164941,37.770292,3.19513458e+03
-122.447279,37.770556,1.68166887e+04
-122.206895,37.770995,3.75120590e+03
-122.429627,37.771334,2.47113318e+04
-122.435871,37.771473,2.08991075e+04
-122.248665,37.771896,3.45045739e+03
-122.269339,37.772007,4.07512070e+03
-122.283805,37.772383,4.04212683e+03
-122.425437,37.773455,2.00194098e+04
-122.394325,37.774043,1.24366268e+04
-122.447320,37.774174,1.94000914e+04
-121.947572,37.774191,8.16549052e+02
-122.504684,37.774378,5.87880168e+03
-122.483689,37.774382,1.12397401e+04
-122.176128,37.774619,3.12255871e+03
-122.437395,37.774885,1.95551743e+04
-122.229059,37.775082,4.65113160e+03
-122.492247,37.775551,9.26729150e+03
-121.986384,37.775732,6.76596061e+02
-122.429550,37.775988,1.79542076e+04
-122.193265,37.776356,4.31417224e+03
-122.401104,37.776369,1.55595686e+04
-122.408522,37.776676,1.41905976e+04
-122.475902,37.776705,1.11640083e+04
-122.423651,37.776713,1.34779581e+04
-122.203607,37.777190,5.33912222e+03
-122.467503,37.777191,1.32569239e+04
-122.456303,37.777506,1.41403693e+04
-122.461248,37.777568,1.39193368e+04
-122.496113,37.777635,7.34653225e+03
-122.283671,37.777977,3.75893557e+03
-122.219368,37.778084,4.06665931e+03
-122.438581,37.778102,2.60554844e+04
-122.267919,37.778193,4.01746591e+03
-122.447605,37.778196,2.25638524e+04
-122.483867,37.778258,1.04203752e+04
-122.410671,37.779066,1.30815963e+04
-122.503543,37.779222,5.42954588e+03
-122.429752,37.779820,1.40284096e+04
-122.437156,37.780649,1.52838978e+04
-122.417800,37.781016,1.09010056e+04
-122.210336,37.781064,4.41697121e+03
-122.401567,37.781689,1.10758229e+04
-122.507167,37.781768,3.72804987e+03
-122.226739,37.782006,5.01657367e+03
-122.189557,37.782023,4.06657797e+03
-122.487815,37.782293,8.31293556e+03
-122.422457,37.782429,1.14423286e+04
-122.411912,37.782592,1.88209808e+04
-122.156490,37.782720,2.08953347e+03
-122.430303,37.782893,1.26430832e+04
-122.214771,37.783072,5.12838827e+03
-122.415596,37.783073,1.58003836e+04
-122.481097,37.783214,9.88078199e+03
-122.475842,37.783438,1.00616665e+04
-122.412678,37.783934,2.53437498e+04
-122.294078,37.784171,3.75764204e+03
-122.450871,37.784267,1.65590609e+04
-122.468308,37.784283,1.14136497e+04
-122.461781,37.784452,1.14465416e+04
-122.230630,37.784942,6.13235831e+03
-122.412336,37.785424,2.50573189e+04
-122.432858,37.785441,1.95562092e+04
-122.419425,37.785697,1.16391643e+04
-122.393042,37.785714,8.61329916e+03
-122.416166,37.785747,2.15240281e+04
-122.485920,37.786275,5.87179376e+03
-122.413218,37.786778,2.68898059e+04
-122.439703,37.786782,1.98915648e+04
-122.203288,37.787523,5.35770312e+03
-122.236032,37.787735,6.06626386e+03
-122.423821,37.787859,1.08236130e+04
-122.429533,37.787960,1.73229672e+04
-122.417564,37.788056,1.75995691e+04
-122.186216,37.788232,4.68035358e+03
-122.217093,37.788388,4.99755115e+03
-122.451567,37.788479,1.69572135e+04
-122.412761,37.788739,2.77054584e+04
-121.907439,37.788820,6.10168200e+02
-122.225086,37.789134,5.29041056e+03
-122.441298,37.789558,2.39803295e+04
-122.405680,37.790287,1.55352141e+04
-122.413942,37.790341,1.81995370e+04
-122.409601,37.790774,2.07163987e+04
-122.432379,37.790945,1.93221368e+04
-122.241014,37.790990,4.84345343e+03
-122.418673,37.791047,1.16143511e+04
-122.252325,37.792134,4.49919186e+03
-122.191739,37.792556,4.84510784e+03
-122.427472,37.792804,1.44600867e+04
-122.412915,37.793292,1.50884890e+04
-122.245787,37.793393,7.48991017e+03
-122.406332,37.793512,1.96206087e+04
-122.208333,37.793538,5.28151840e+03
-122.424730,37.793546,1.29496448e+04
-122.436346,37.793770,1.78462058e+04
-122.233227,37.793907,5.45160948e+03
-122.419173,37.794270,1.49547255e+04
-122.221750,37.794392,5.89892277e+03
-122.467367,37.794701,7.32509596e+03
-122.409303,37.794726,1.84265970e+04
-121.936947,37.794984,6.64001609e+02
-122.272893,37.795297,5.71390808e+03
-122.406303,37.795470,1.99835070e+04
-122.267839,37.795600,4.77892070e+03
-122.214744,37.795766,6.46966208e+03
-121.979131,37.796102,7.57057066e+02
-122.414150,37.796184,1.77438764e+04
-122.249274,37.796502,7.68531888e+03
-122.195694,37.796987,4.61331458e+03
-122.430162,37.797210,1.26311508e+04
-121.966534,37.797307,6.71374133e+02
-122.441945,37.797809,1.78367949e+04
-122.229405,37.797944,5.45088460e+03
-122.420541,37.798015,1.40476392e+04
-122.285268,37.798123,5.29724690e+03
-122.409725,37.798196,1.78551946e+04
-122.254529,37.798371,6.27281656e+03
-122.243251,37.798377,6.93114879e+03
-122.399949,37.798461,1.11046624e+04
-122.406504,37.799480,1.77031448e+04
-122.430765,37.800214,1.43719694e+04
-122.237766,37.800774,6.12828983e+03
-122.270661,37.800788,5.34269069e+03
-122.276502,37.801099,5.93085573e+03
-122.415176,37.801234,1.20451746e+04
-122.427214,37.802024,9.82065255e+03
-122.181962,37.802069,3.39577057e+03
-122.251370,37.802213,6.76387008e+03
-122.204070,37.802231,5.22922452e+03
-122.407926,37.802319,1.09600664e+04
-122.438919,37.802397,1.44005820e+04
-122.444324,37.802454,1.13712861e+04
-122.421644,37.802537,1.18033740e+04
-122.289215,37.802703,7.61924127e+03
-122.263683,37.803458,5.78127509e+03
-122.221525,37.803940,6.33734867e+03
-122.267119,37.804261,7.21086918e+03
-122.436376,37.804617,7.57722664e+03
-122.213272,37.804704,5.27810221e+03
-122.279657,37.804782,6.89972624e+03
-122.285183,37.804984,8.16865679e+03
-122.244707,37.805121,6.35033124e+03
-122.412010,37.805278,8.05709151e+03
-121.902428,37.805381,5.14274515e+02
-122.289823,37.807099,8.90306653e+03
-122.295186,37.807292,6.22190973e+03
-122.225708,37.808241,5.40157974e+03
-122.272709,37.808665,6.69663342e+03
-122.253441,37.809381,6.49015829e+03
-122.298293,37.809593,5.51057577e+03
-122.277443,37.810251,7.29390397e+03
-122.258315,37.811375,6.57084770e+03
-122.282190,37.811419,9.46270280e+03
-122.232389,37.811496,4.56972807e+03
-122.207488,37.812155,4.09791732e+03
-122.254114,37.813421,8.37791820e+03
-122.242249,37.814476,5.89396905e+03
-122.256743,37.816035,8.11687018e+03
-122.267870,37.816500,6.77560911e+03
-121.951286,37.816622,5.73567240e+02
-122.279621,37.816670,7.70933311e+03
-122.293793,37.817286,5.80491087e+03
-122.259876,37.817316,7.41518532e+03
-122.249127,37.817368,6.65616719e+03
-122.273309,37.819904,6.17844412e+03
-121.985206,37.820019,6.90149068e+02
-122.005908,37.820114,6.49343532e+02
-122.226476,37.821826,4.38585614e+03
-122.252530,37.822454,7.49284981e+03
-122.280480,37.823505,6.30366538e+03
-122.192737,37.824214,3.11947234e+03
-122.241124,37.824467,4.42623930e+03
-122.373271,37.825345,2.42890037e+03
-122.251044,37.825832,5.37988206e+03
-122.215638,37.826215,4.21223545e+03
-121.889495,37.826407,3.72707931e+02
-122.119050,37.826888,1.24276501e+03
-122.263403,37.829959,6.37332638e+03
-122.250622,37.830348,4.90727848e+03
-122.258039,37.830988,5.11241640e+03
-122.272163,37.831263,5.31156342e+03
-122.280897,37.833049,5.53725850e+03
-122.202426,37.834622,3.60424973e+03
-122.142939,37.834622,1.43104340e+03
-122.229689,37.837583,3.66631105e+03
-122.301937,37.838229,5.15133049e+03
-122.280316,37.839285,5.22190057e+03
-122.254416,37.840265,4.83131818e+03
-122.294966,37.841394,4.56029364e+03
-122.272150,37.841719,5.20812138e+03
-122.264926,37.842226,4.87331919e+03
-121.982975,37.842240,5.69756245e+02
-122.289329,37.843845,4.72493308e+03
-122.240192,37.844021,3.49532453e+03
-122.033107,37.844372,6.94315608e+02
-122.215800,37.844684,3.24951556e+03
-122.283126,37.845393,5.09135734e+03
-122.113557,37.846384,1.23793945e+03
-122.249525,37.848292,4.65011544e+03
-122.257310,37.848451,5.56605764e+03
-122.264742,37.848941,5.26483467e+03
-122.274840,37.850293,5.34067058e+03
-122.281464,37.850348,5.52770514e+03
-122.483636,37.851137,1.16465021e+03
-122.266679,37.852678,5.03941814e+03
-122.139026,37.852730,1.47757664e+03
-122.257223,37.854428,4.82015744e+03
-122.245998,37.854778,4.20346902e+03
-122.067694,37.855214,9.65347448e+02
-122.283915,37.857371,4.41455641e+03
-122.275892,37.858202,4.36671562e+03
-122.258515,37.858887,4.87517415e+03
-122.267924,37.859124,4.99644524e+03
-122.230389,37.859419,2.73872176e+03
-122.007841,37.859919,6.14452751e+02
-122.170606,37.861031,1.50387182e+03
-122.250259,37.862379,3.96627181e+03
-122.063849,37.863462,1.05912663e+03
-122.258796,37.863529,4.89993959e+03
-122.497145,37.863708,1.03181566e+03
-122.293691,37.864428,2.99375631e+03
-122.285919,37.866041,4.32148423e+03
-122.297361,37.866514,3.13121021e+03
-122.258913,37.866717,4.64782160e+03
-122.277077,37.867025,4.34903913e+03
-122.268452,37.867175,4.20884883e+03
-122.251235,37.867659,4.12622301e+03
-122.102583,37.868732,1.20268954e+03
-122.512633,37.871009,1.07241560e+03
-122.251152,37.872097,3.21835330e+03
-122.288105,37.872520,3.70209815e+03
-122.023781,37.873027,6.12545158e+02
-122.296631,37.873165,3.59568589e+03
-122.079971,37.873621,1.05642619e+03
-122.466150,37.873685,8.63055589e+02
-122.277501,37.873995,3.73095589e+03
-122.269324,37.875219,3.54364563e+03
-122.057107,37.875715,8.20730044e+02
-122.259915,37.876904,3.44725419e+03
-122.534660,37.879140,8.02570599e+02
-122.167792,37.879268,1.40915538e+03
-122.289683,37.879488,3.60935646e+03
-122.277817,37.879992,3.43694176e+03
-122.132231,37.881033,1.19670423e+03
-122.270270,37.881464,3.50905122e+03
-122.257426,37.883504,2.82221051e+03
-122.033450,37.883539,8.79174109e+02
-122.303068,37.884853,3.08319052e+03
-122.463692,37.885664,9.16199484e+02
-122.295159,37.886543,3.15507034e+03
-122.287531,37.886917,3.34831702e+03
-122.205021,37.887621,1.29753144e+03
-122.055634,37.888142,9.68533750e+02
-122.270734,37.888419,2.78526483e+03
-122.080325,37.890104,9.41157702e+02
-122.104685,37.890228,1.03959678e+03
-122.281710,37.891135,3.09693699e+03
-122.260296,37.891531,2.24582646e+03
-122.508415,37.892239,8.36297963e+02
-122.303641,37.892659,3.15934033e+03
-122.543338,37.892791,7.50303114e+02
-122.290916,37.894631,3.09678476e+03
-122.297564,37.894805,3.82504260e+03
-122.049227,37.896887,1.02239082e+03
-122.274705,37.897263,2.59083082e+03
-122.266302,37.899169,1.82376546e+03
-122.181493,37.900412,1.23327338e+03
-122.130185,37.900831,9.70748893e+02
-122.576310,37.900900,5.11980897e+02
-122.305815,37.901105,3.39257599e+03
-122.522216,37.901455,6.99159850e+02
-122.298431,37.903177,3.78048293e+03
-122.493724,37.903399,6.81760639e+02
-122.290895,37.903628,3.61912421e+03
-122.043935,37.905443,7.53143795e+02
-122.538445,37.905528,7.75111470e+02
-122.283633,37.906113,2.40835238e+03
-122.061892,37.906620,7.70349949e+02
-122.553361,37.907535,6.97488476e+02
-122.275849,37.908909,2.08780404e+03
-122.302404,37.909073,3.32919034e+03
-122.311951,37.910183,2.67678548e+03
-122.021551,37.911972,6.49983115e+02
-122.083506,37.913167,8.43379407e+02
-122.293383,37.913536,2.16727964e+03
-121.743083,37.916434,1.52750060e+02
-122.306795,37.916915,2.27501348e+03
-122.324049,37.917085,1.53033319e+03
-122.345487,37.918023,1.12815513e+03
-121.709582,37.918887,1.37433799e+02
-122.002128,37.919325,4.26103218e+02
-122.046446,37.919841,6.50668346e+02
-122.019780,37.920050,5.80218756e+02
-122.314225,37.921593,1.96527304e+03
-122.068643,37.923956,9.11684446e+02
-122.383728,37.923983,8.23698394e+02
-122.295303,37.924178,1.66606625e+03
-122.523741,37.924707,6.60738174e+02
-122.054941,37.924961,7.19755653e+02
-122.504213,37.926310,6.10044252e+02
-122.309968,37.927196,1.84766323e+03
-122.355018,37.928044,1.15886449e+03
-121.708829,37.929315,1.28879856e+02
-122.335622,37.929514,1.28810480e+03
-121.930420,37.929665,2.66592672e+02
-122.034110,37.932962,6.32244242e+02
-122.362604,37.933634,1.14345498e+03
-122.314372,37.933719,1.38440547e+03
-122.074545,37.935431,7.79067973e+02
-122.056001,37.936251,7.45466346e+02
-122.537100,37.937221,6.27436535e+02
-122.087631,37.938647,6.22660062e+02
-122.102582,37.939348,6.62162561e+02
-122.341323,37.939540,1.29761226e+03
-122.011453,37.939581,4.42529007e+02
-122.330245,37.939923,1.37154223e+03
-122.321807,37.940011,1.38594102e+03
-122.490158,37.940299,4.98089559e+02
-122.351569,37.940600,1.27237368e+03
-121.962682,37.940676,3.41605396e+02
-122.362396,37.940762,1.07957797e+03
-122.042199,37.941229,5.97835376e+02
-121.716182,37.942089,1.65800019e+02
-121.731073,37.944365,1.39954296e+02
-122.314798,37.944617,1.26671503e+03
-122.530100,37.946094,5.38479745e+02
-121.756026,37.947520,1.75549154e+02
-122.353215,37.947568,1.28344117e+03
-122.339883,37.948262,1.25922377e+03
-122.044359,37.948799,5.73851285e+02
-121.934566,37.948848,2.69144174e+02
-122.071874,37.950790,7.49711421e+02
-122.026848,37.950959,5.05308436e+02
-122.524449,37.951658,4.70737110e+02
-121.987477,37.951758,3.97967707e+02
-122.060338,37.952222,5.66983285e+02
-122.549555,37.952701,4.62471079e+02
-122.352358,37.954255,1.15107581e+03
-122.044896,37.954627,5.81815798e+02
-121.976686,37.955748,4.57060626e+02
-122.366217,37.956494,8.08149942e+02
-122.338199,37.956916,1.15233753e+03
-122.323622,37.957175,1.03407216e+03
-121.959237,37.958181,3.21004025e+02
-122.013528,37.958323,5.19473354e+02
-121.709148,37.958651,1.37231591e+02
-122.297678,37.959948,8.85864811e+02
-122.352001,37.960463,1.04053463e+03
-122.045880,37.960549,5.26074489e+02
-121.796182,37.961255,1.70677948e+02
-122.522235,37.961478,4.78841037e+02
-122.074673,37.961615,4.76363166e+02
-122.001193,37.963224,3.86452699e+02
-121.972151,37.963370,4.82334728e+02
-122.559862,37.964244,3.66261102e+02
-122.499943,37.964353,4.54962486e+02
-122.268957,37.964656,6.65669219e+02
-122.505525,37.965714,5.07731288e+02
-122.334312,37.965824,9.66112918e+02
-122.034643,37.967087,4.75774137e+02
-122.108262,37.967391,4.04482898e+02
-122.040533,37.967565,6.13851507e+02
-122.350643,37.968766,8.93165883e+02
-121.985681,37.969103,4.76453380e+02
-121.752392,37.969131,1.64585806e+02
-121.768327,37.969219,1.57248985e+02
-122.020569,37.969290,4.67390489e+02
-122.295291,37.969639,7.88295790e+02
-122.535630,37.970330,4.05418718e+02
-121.833274,37.971471,1.55532961e+02
-122.331658,37.972867,8.71364982e+02
-122.563704,37.974596,3.15772625e+02
-122.092622,37.975770,5.28438655e+02
-122.346351,37.975890,7.31602902e+02
-121.793703,37.976381,1.74886628e+02
-122.013132,37.976595,4.88687215e+02
-122.036231,37.976632,5.05662889e+02
-122.512979,37.977618,3.69248539e+02
-122.307862,37.977805,7.80119785e+02
-121.776021,37.978181,1.57926607e+02
-122.072544,37.980135,5.05188705e+02
-122.574514,37.980528,2.96429641e+02
-122.527099,37.980688,3.77611010e+02
-122.222136,37.980856,4.19864501e+02
-122.545883,37.981077,3.25695899e+02
-122.287954,37.981229,6.36151638e+02
-121.999242,37.982732,3.80003954e+02
-122.594462,37.984095,2.29193930e+02
-122.327351,37.984213,7.22573023e+02
-121.728421,37.985017,1.20823123e+02
-122.477990,37.986017,3.33393448e+02
-121.815497,37.986621,1.63549980e+02
-121.704753,37.986813,1.02143231e+02
-122.271142,37.988030,5.00925626e+02
-121.768342,37.988061,1.45288863e+02
-122.097802,37.988371,4.41457671e+02
-122.026766,37.989645,4.13904201e+02
-121.835198,37.991468,1.77064611e+02
-121.797117,37.991657,1.55528934e+02
-122.048159,37.993691,4.75426550e+02
-121.876968,37.993750,1.55612379e+02
-122.319157,37.994153,5.45176071e+02
-121.831097,37.994589,1.54173642e+02
-122.336620,37.994648,4.87396105e+02
-122.034003,37.995762,3.32970682e+02
-122.090238,37.996391,4.47454037e+02
-122.577366,37.996426,2.27497474e+02
-122.593207,37.996992,2.10248309e+02
-121.728285,37.997336,9.99541224e+01
-121.902893,37.998058,1.66741403e+02
-122.106877,37.999403,2.81158633e+02
-122.546271,37.999533,2.36310849e+02
