i,j,k
18,7,78
1254,1255,1235
7,9,0
1257,1256,1258
1150,648,1240
1150,1137,648
18,11,7
11,9,7
310,354,86
8,27,31
8,31,86
4,8,86
13,25,4
44,18,78
1193,1150,1240
1137,709,648
709,674,648
635,608,618
1197,1217,1023
1133,1197,1023
709,1133,1023
1133,709,1137
1150,1133,1137
819,424,537
354,424,86
1,13,4
16,8,4
25,16,4
8,16,27
16,37,27
37,16,25
44,35,18
35,11,18
11,35,9
9,35,17
81,44,78
27,49,31
634,618,648
634,635,618
674,634,648
635,634,674
608,595,565
635,620,608
620,595,608
707,709,1023
1217,1152,1023
1171,1133,1150
754,722,621
1252,1257,1258
946,1051,913
1051,890,913
1259,1251,1258
1254,1259,1255
400,424,354
511,400,514
400,511,424
722,525,621
346,310,328
310,264,328
264,310,86
155,264,86
236,264,155
21,25,13
21,32,25
46,37,25
32,46,25
569,516,491
14,15,0
9,14,0
14,9,17
23,33,40
94,81,78
618,215,648
33,39,40
410,309,298
320,309,410
298,309,278
1246,1242,1256
595,642,625
620,642,595
709,642,674
642,635,674
642,620,635
598,595,625
595,598,565
598,583,565
590,552,565
583,590,565
1248,1152,1217
1178,1248,1257
1248,1178,1152
1152,1178,1167
1193,1170,1150
1170,1171,1150
1171,1170,1193
1115,1103,1160
1115,1208,1114
1208,1115,1160
735,754,621
1138,1152,1167
1152,1138,1039
1079,1138,1130
1159,1208,1160
1208,1159,1199
817,890,819
901,946,913
901,905,946
1231,1208,1258
1208,1231,1114
1231,1099,1114
1259,1238,1251
1229,1254,1235
1202,1229,1235
511,506,424
418,414,408
1082,1020,1096
1020,1143,1096
525,492,621
402,414,354
414,402,408
397,402,386
358,346,328
346,366,310
402,366,386
310,366,354
366,402,354
311,264,236
148,187,155
113,148,155
109,110,74
531,440,498
15,6,0
10,26,13
26,21,13
518,521,508
14,22,15
22,23,15
23,22,33
22,14,17
22,39,33
35,22,17
39,22,35
403,411,391
390,403,391
403,390,406
462,569,491
72,61,76
37,45,27
45,49,27
49,45,74
45,72,74
72,45,61
61,66,76
66,46,59
353,336,390
390,336,406
552,336,565
406,336,552
123,94,78
81,51,44
51,35,44
51,39,35
110,136,137
136,110,109
1239,1217,1197
1222,1239,1197
1239,1222,1246
642,637,625
707,637,709
637,642,709
615,603,628
574,462,552
462,574,569
603,581,628
590,581,552
597,590,583
597,598,625
598,597,583
581,666,628
828,925,841
1178,1191,1167
1201,1191,1257
1191,1178,1257
1242,1237,1256
1212,1237,1242
1256,1237,1240
1237,1193,1240
1237,1171,1193
1237,1212,1171
1171,1174,1133
1212,1174,1171
1133,1174,1197
1253,1228,1247
1253,1252,1258
1252,1253,1247
1228,1220,1199
1220,1208,1199
1253,1220,1228
854,903,722
1020,997,1033
903,997,1020
903,807,722
1088,1115,1114
1099,1088,1114
1088,1099,1063
1053,1088,1063
630,667,621
667,735,621
1138,1062,1039
1062,1138,1079
1042,1062,1079
1062,1014,1039
1062,1042,1014
858,797,841
1152,1007,1023
1007,1152,1039
755,790,819
790,817,819
819,1116,1235
1116,1202,1235
1116,1184,1202
1204,1233,1215
1113,1099,1231
1113,1204,1127
1204,1113,1231
1143,1165,1096
1165,1143,1238
1219,1229,1202
1219,1259,1254
1229,1219,1254
1225,1238,1259
424,512,537
506,512,424
400,507,514
476,380,414
380,476,400
414,380,354
380,400,354
453,476,414
1082,1067,1051
1051,1067,890
501,492,525
483,467,477
362,366,346
451,467,447
264,327,328
311,327,264
335,358,328
335,352,358
218,236,155
187,218,155
230,218,187
218,230,249
67,49,74
49,67,31
444,472,432
482,488,473
515,531,498
515,532,531
532,515,520
535,520,521
532,535,536
535,532,520
488,475,473
444,475,472
464,531,592
464,440,531
20,6,15
6,20,24
23,20,15
3,1,0
6,3,0
53,56,68
56,77,68
21,42,32
26,42,21
47,42,26
42,46,32
42,47,65
19,26,10
797,751,841
751,828,841
677,671,772
531,555,592
555,580,592
555,559,580
411,407,391
415,403,406
403,415,411
384,390,391
384,372,390
372,384,357
361,372,357
361,353,390
372,361,390
92,72,76
54,45,37
45,54,61
54,66,61
46,54,37
66,54,46
344,336,353
304,272,270
272,304,282
285,283,298
285,298,278
275,285,278
333,410,298
333,409,410
333,384,391
384,333,357
407,333,391
333,407,409
250,255,242
147,148,113
191,166,197
166,191,161
223,224,244
224,191,197
191,224,223
255,224,242
224,255,244
131,136,109
77,79,68
1250,1239,1246
1248,1250,1257
1250,1256,1257
1250,1246,1256
1246,1227,1242
1222,1227,1246
1227,1222,1197
664,671,569
602,664,569
664,602,619
683,664,619
615,600,603
600,574,603
574,577,603
577,581,603
577,574,552
581,577,552
597,632,590
632,637,707
637,632,625
632,597,625
666,632,707
632,581,590
632,666,581
694,684,707
684,666,707
666,645,628
828,839,925
839,707,1023
1243,1253,1258
1243,1220,1253
1208,1243,1258
1220,1243,1208
754,824,722
824,854,722
911,903,1020
911,807,903
1099,1043,1063
1115,1091,1103
1088,1091,1115
1053,1091,1088
1045,1091,1053
643,667,630
623,643,630
667,740,735
740,805,735
1085,1042,1079
1094,1079,1130
1094,1085,1079
1103,1131,1160
1131,1159,1160
1013,953,958
1013,1007,1039
1007,1013,958
1014,1013,1039
953,1013,1014
1007,991,1023
991,839,1023
839,991,925
858,948,958
948,1007,958
925,948,841
948,858,841
991,948,925
948,991,1007
1159,1179,1199
1196,1228,1199
1169,1153,1180
1153,1162,1180
1234,1201,1257
1252,1234,1257
1138,1140,1130
1162,1140,1138
1153,1140,1162
1182,1138,1167
1182,1162,1138
1192,1214,1180
1162,1192,1180
876,859,864
817,859,890
790,798,817
798,859,817
864,798,814
859,798,864
579,542,525
519,511,514
1251,1249,1258
1241,1204,1231
1204,1241,1233
1241,1249,1233
1241,1231,1258
1249,1241,1258
1184,1216,1202
1203,1165,1238
1225,1203,1238
524,512,506
524,506,511
541,524,511
512,524,537
476,500,400
500,507,400
419,418,443
453,419,443
418,419,414
419,453,414
905,906,946
1067,1076,890
1076,1067,1106
1143,1188,1238
358,360,346
360,362,346
367,360,358
360,367,362
362,373,366
366,373,386
373,367,382
367,373,362
373,396,386
440,394,498
395,394,440
392,397,386
396,392,386
431,418,408
431,447,443
418,431,443
405,399,401
392,399,397
399,402,397
399,405,402
399,396,401
399,392,396
402,413,408
405,413,402
416,405,401
416,413,405
340,352,335
327,340,328
340,335,328
368,376,385
376,377,385
377,394,385
377,378,498
394,377,498
364,377,376
329,311,326
329,327,311
341,340,327
329,341,327
311,332,326
218,260,236
301,309,320
309,301,278
301,287,278
287,267,278
203,230,187
203,148,198
148,203,187
110,85,74
85,67,74
67,58,31
58,113,155
31,58,86
58,155,86
488,497,508
482,497,488
496,488,508
535,547,536
663,690,689
479,464,592
479,630,621
492,479,621
483,479,492
3,2,1
1,2,13
2,10,13
5,3,6
5,2,3
43,56,53
48,43,36
56,43,48
57,56,48
57,77,56
50,57,48
57,50,70
77,57,87
57,70,87
20,41,24
41,23,40
41,20,23
30,38,48
38,50,48
50,60,70
60,41,64
41,60,50
47,34,53
34,43,53
34,47,26
19,34,26
34,19,36
43,34,36
528,518,516
538,535,521
538,547,535
751,762,727
762,751,797
762,797,772
671,762,772
762,671,727
751,789,828
789,839,828
789,694,707
839,789,707
663,685,690
865,953,1014
865,677,772
953,865,958
559,582,580
566,582,559
582,566,589
605,582,589
415,438,411
356,361,357
361,356,353
330,322,336
304,300,282
272,257,270
253,304,270
253,608,565
336,253,565
304,253,336
608,253,618
253,215,618
168,123,78
648,168,78
215,168,648
104,71,81
63,51,81
71,63,81
283,302,298
302,333,298
255,271,275
250,271,255
271,250,283
271,285,275
285,271,283
250,246,283
135,166,161
166,135,137
129,147,113
135,129,112
147,129,161
129,135,161
191,174,161
174,147,161
148,174,198
147,174,148
195,223,198
195,191,223
174,195,198
195,174,191
101,131,109
101,109,74
114,101,92
101,114,131
72,101,74
92,101,72
69,53,68
79,69,68
47,69,65
69,47,53
98,77,87
84,62,65
62,42,65
46,62,59
42,62,46
75,83,59
75,84,83
62,75,59
75,62,84
1239,1245,1217
1250,1245,1239
1245,1248,1217
1245,1250,1248
1213,1174,1212
1213,1212,1242
1227,1213,1242
1174,1213,1197
1213,1227,1197
695,664,683
671,695,727
664,695,671
593,615,619
593,600,615
602,593,619
600,593,574
593,602,569
574,593,569
615,639,619
639,615,628
645,639,628
665,645,666
665,684,694
684,665,666
665,639,645
665,683,619
639,665,619
854,877,903
877,962,903
852,863,917
911,856,807
807,734,722
739,734,807
1022,1043,1032
1030,1018,1063
1043,1030,1063
1022,1030,1043
974,935,921
1091,1075,1103
1045,1075,1091
1075,1045,1056
1045,1024,1056
1024,1042,1056
667,696,715
643,696,667
725,667,715
847,829,803
1042,1065,1056
1085,1065,1042
1102,1131,1103
1214,1207,1180
1207,1186,1180
1186,1207,1196
1192,1223,1214
1187,1182,1167
1191,1187,1167
1187,1191,1201
1182,1200,1162
1200,1192,1162
1223,1200,1234
1200,1223,1192
876,893,913
893,876,864
859,884,890
884,859,876
890,884,913
884,876,913
1126,1123,1158
1184,1126,1158
1116,1126,1184
860,864,814
622,633,588
1070,1068,1080
1070,1020,1033
1060,1073,1058
1068,1078,1080
1112,1127,1124
1112,1113,1127
1093,1077,1099
1061,1043,1099
1077,1061,1099
1043,1061,1032
1123,1145,1158
1067,1120,1106
1165,1120,1096
1147,1120,1165
1120,1082,1096
1120,1067,1082
1230,1225,1259
1230,1198,1225
1198,1230,1216
546,563,537
524,546,537
546,561,563
546,524,541
561,546,541
505,501,525
507,517,514
500,517,507
522,517,500
460,453,443
453,480,476
460,480,453
480,460,471
478,467,483
478,483,492
979,1051,946
1238,1221,1251
1188,1221,1238
1127,1132,1124
1204,1144,1127
1144,1132,1127
1132,1144,1134
404,416,401
429,436,451
429,451,447
431,429,447
416,426,413
429,426,436
426,429,413
352,370,358
374,370,352
370,374,387
368,375,352
375,374,352
375,368,385
381,394,387
374,381,387
375,381,374
394,381,385
381,375,385
341,351,350
355,351,348
351,355,364
351,329,348
351,341,329
368,359,376
359,364,376
359,368,350
351,359,350
359,351,364
347,341,350
341,347,340
340,347,352
368,347,350
347,368,352
349,332,342
349,342,365
377,369,378
364,369,377
378,369,365
332,324,342
265,311,236
260,265,236
301,296,287
296,301,320
255,258,244
258,275,278
258,255,275
261,267,287
107,85,110
85,107,112
107,135,112
107,110,137
135,107,137
516,493,491
493,474,491
475,455,473
455,475,444
435,459,430
417,320,410
320,417,365
417,444,432
378,417,432
417,378,365
465,482,473
465,459,482
455,465,473
459,465,430
465,455,430
532,539,531
539,532,536
510,502,496
521,510,508
510,496,508
515,513,520
510,513,502
520,513,521
513,510,521
475,485,472
502,485,496
485,475,488
496,485,488
572,604,589
575,572,557
604,575,596
575,604,572
566,564,589
564,572,589
651,685,663
606,479,592
479,606,630
606,623,630
610,606,592
469,479,483
151,125,138
19,29,36
29,19,10
29,48,36
29,30,48
12,5,30
5,12,2
29,12,30
2,12,10
12,29,10
38,28,50
41,28,24
28,41,50
28,38,30
5,28,30
28,6,24
28,5,6
527,528,544
527,538,521
538,527,544
518,527,521
528,527,518
601,516,569
601,528,516
671,601,569
677,601,671
601,677,624
547,553,557
538,553,547
553,538,544
553,575,557
706,789,751
706,751,727
789,706,694
695,706,727
706,695,683
706,665,694
665,706,683
825,858,958
865,825,958
825,865,772
797,825,772
858,825,797
656,663,689
580,599,592
599,610,592
407,421,409
421,407,411
438,421,411
457,463,474
474,463,491
463,462,491
437,457,446
450,438,462
463,450,462
450,463,445
427,415,406
427,438,415
438,427,462
427,406,552
462,427,552
96,114,92
344,337,336
337,330,336
337,344,334
330,337,334
313,300,304
322,313,336
313,304,336
257,247,270
247,253,270
253,247,243
269,272,282
269,259,272
248,257,272
259,248,272
248,259,245
118,104,119
82,117,106
247,231,243
231,247,257
248,231,257
237,219,245
219,248,245
219,231,248
104,126,119
126,104,81
94,126,81
123,126,94
51,55,39
63,55,51
52,63,71
52,55,63
52,41,40
41,52,64
39,52,40
55,52,39
156,131,144
131,156,136
166,201,197
201,224,197
300,286,282
246,291,283
302,291,333
108,129,113
129,108,112
58,108,113
108,58,67
85,108,67
108,85,112
115,93,98
93,79,77
98,93,77
949,962,877
949,880,951
880,949,877
815,824,754
966,911,1020
966,928,911
1030,1002,1018
1002,1030,1022
843,844,805
843,867,844
844,835,805
805,835,735
835,811,735
1015,1002,1022
1015,1022,1032
1019,1015,1032
863,907,917
696,730,715
730,725,715
731,740,667
725,731,667
735,795,754
811,795,735
896,974,921
896,847,803
847,861,829
861,896,921
896,861,847
829,792,803
629,652,610
690,812,689
812,756,689
896,812,1024
812,896,803
770,812,803
756,812,770
711,730,696
1100,1102,1085
1100,1094,1111
1094,1100,1085
1081,1065,1085
1102,1081,1085
1081,1075,1056
1065,1081,1056
1075,1081,1103
1081,1102,1103
1102,1125,1131
1125,1100,1111
1100,1125,1102
1157,1146,1169
1122,1094,1130
1094,1122,1111
1122,1125,1111
1131,1156,1159
1156,1179,1159
1156,1157,1179
1183,1186,1196
1179,1183,1199
1183,1196,1199
1157,1183,1179
1224,1207,1214
1224,1252,1247
1187,1211,1182
1211,1200,1182
1211,1187,1201
1234,1211,1201
1200,1211,1234
563,609,537
609,819,537
609,636,819
633,613,588
638,613,633
613,638,636
609,613,636
613,609,607
561,576,563
576,609,563
609,576,607
571,585,586
571,542,579
585,571,579
542,533,525
533,522,525
1087,1076,1106
1087,1116,819
890,1087,819
1076,1087,890
783,801,814
798,783,814
820,801,822
870,820,822
860,820,870
801,820,814
820,860,814
882,860,870
882,893,864
860,882,864
584,622,588
567,584,588
584,567,570
578,584,570
622,584,586
584,578,586
1036,1040,1068
1036,1070,1033
1070,1036,1068
1040,1057,1068
1078,1089,1080
1104,1112,1124
1233,1226,1215
1249,1226,1233
1226,1194,1215
1194,1226,1190
1194,1204,1215
1194,1144,1204
1163,1190,1176
1113,1105,1099
1105,1093,1099
1145,1118,1147
1120,1118,1106
1118,1120,1147
1118,1145,1123
1118,1087,1106
1232,1230,1259
1230,1232,1216
1219,1232,1259
1232,1219,1202
1216,1232,1202
1205,1203,1225
1198,1205,1225
1145,1173,1158
1173,1184,1158
1173,1216,1184
505,495,501
499,500,476
495,499,476
499,495,505
499,522,500
522,499,525
499,505,525
523,517,522
533,523,522
523,533,526
523,526,519
523,519,514
517,523,514
447,461,443
461,460,443
467,461,447
460,461,471
478,461,467
461,478,471
501,494,492
678,755,819
636,678,819
1148,1144,1155
1144,1148,1134
425,395,440
425,404,395
404,425,416
404,398,395
396,398,401
398,404,401
388,389,395
394,389,387
395,389,394
413,420,408
429,420,413
420,431,408
420,429,431
371,367,358
370,371,358
349,338,332
332,338,326
338,355,348
338,349,355
338,329,326
329,338,348
355,363,364
363,369,364
369,363,365
363,349,365
349,363,355
324,331,342
331,320,365
342,331,365
321,324,332
321,332,311
315,321,311
314,307,299
321,307,324
307,321,315
273,254,249
254,273,260
254,218,249
254,260,218
266,273,249
273,266,281
273,284,260
307,284,299
289,273,281
306,317,314
331,317,320
317,331,314
258,263,244
267,263,278
263,258,278
203,251,230
230,251,249
251,266,249
509,493,516
518,509,516
509,518,508
497,509,508
459,481,482
481,497,482
481,509,497
509,481,493
434,455,444
455,434,430
417,434,444
434,417,430
435,423,412
423,435,430
412,423,410
423,417,410
417,423,430
454,435,446
435,454,459
454,481,459
539,540,531
540,539,549
540,555,531
555,540,559
540,549,559
513,503,502
605,612,616
612,605,589
604,612,589
572,558,557
564,558,572
614,604,596
614,596,624
651,705,685
865,705,677
677,705,624
705,651,624
705,865,1014
1042,705,1014
1024,705,1042
685,705,690
705,812,690
812,705,1024
627,610,646
627,606,610
606,627,623
643,627,646
627,643,623
470,483,477
470,469,483
469,470,451
467,470,477
451,470,467
436,449,451
449,469,451
426,449,436
158,151,138
158,181,151
52,73,64
73,52,71
88,82,106
70,88,87
88,60,64
60,88,70
73,88,64
88,73,82
121,98,87
125,121,87
115,121,133
121,115,98
528,568,544
601,568,528
568,553,544
575,568,596
553,568,575
655,656,689
591,605,616
591,599,580
582,591,580
591,582,605
629,611,616
611,591,616
591,611,599
599,611,610
611,629,610
421,428,409
422,437,446
435,422,446
422,435,412
422,412,410
409,422,410
428,422,409
422,428,437
448,463,457
463,448,445
66,80,76
80,66,59
83,80,59
126,146,119
103,118,130
103,117,95
117,103,130
118,103,104
71,103,95
104,103,71
139,118,119
146,139,119
117,89,95
89,117,82
89,71,95
89,73,71
73,89,82
127,117,130
106,127,138
117,127,106
221,219,237
221,229,207
229,221,237
170,200,207
150,158,138
158,150,170
127,150,138
141,159,130
159,141,162
141,139,162
118,141,130
139,141,118
159,192,194
192,159,162
190,192,162
168,145,123
145,126,123
146,145,168
145,146,126
156,167,136
136,167,137
167,166,137
167,201,166
201,167,196
167,186,196
256,269,282
344,345,334
345,344,353
356,345,353
188,170,207
188,158,170
158,188,181
290,302,283
291,290,283
290,291,302
235,246,250
225,235,196
246,234,232
235,234,246
234,235,225
853,877,854
853,880,877
824,853,854
997,1009,1033
1009,1036,1033
1052,1060,1058
889,856,911
889,868,856
928,889,911
868,889,869
889,883,869
977,966,1020
617,525,722
617,579,525
617,585,579
585,617,586
956,935,974
956,974,1018
867,872,844
835,826,811
852,826,863
826,878,863
878,826,835
1015,994,1002
1001,1019,1004
1001,1015,1019
1001,994,1015
989,1001,1004
1001,989,969
898,878,888
940,898,888
945,960,926
960,945,983
994,960,983
960,1001,969
1001,960,994
907,891,926
891,907,863
878,891,863
730,747,725
747,731,725
818,815,754
795,818,754
896,1031,974
1031,896,1024
974,1031,1018
1031,1045,1053
1031,1024,1045
1018,1031,1063
1031,1053,1063
843,892,867
861,892,843
892,861,921
935,892,921
610,654,646
652,654,610
711,732,730
1125,1142,1131
1142,1125,1146
1142,1156,1131
1157,1142,1146
1156,1142,1157
1139,1122,1130
1140,1139,1130
1139,1140,1153
1139,1153,1169
1146,1139,1169
1125,1139,1146
1122,1139,1125
1177,1157,1169
1177,1183,1157
1183,1177,1186
1177,1169,1180
1186,1177,1180
1223,1244,1214
1244,1224,1214
1224,1244,1252
1244,1234,1252
1244,1223,1234
1207,1209,1196
1224,1209,1207
1209,1224,1247
1228,1209,1247
1196,1209,1228
647,638,633
576,594,607
613,594,588
594,613,607
573,567,588
573,576,561
594,573,588
573,594,576
560,561,541
560,573,561
573,560,567
567,560,570
1126,1108,1123
1108,1118,1123
1118,1108,1087
1108,1126,1116
1087,1108,1116
783,753,767
678,753,755
753,790,755
753,798,790
753,783,798
786,783,767
766,786,767
783,786,801
801,786,822
900,870,901
900,882,870
900,901,913
893,900,913
882,900,893
571,562,542
562,543,542
562,571,586
578,562,586
1072,1057,1058
1073,1072,1058
1084,1072,1073
1069,1078,1068
1057,1069,1068
1072,1069,1057
1090,1089,1078
1090,1084,1092
1089,1090,1098
1090,1104,1098
1086,1093,1092
1084,1086,1092
1093,1086,1077
1086,1084,1073
1104,1101,1112
1101,1090,1092
1090,1101,1104
1093,1101,1092
1105,1101,1093
1112,1101,1113
1101,1105,1113
1226,1218,1190
1172,1194,1190
1144,1172,1155
1194,1172,1144
1161,1163,1176
1181,1205,1198
1181,1147,1165
1203,1181,1165
1205,1181,1203
1181,1145,1147
1181,1173,1145
1181,1198,1216
1173,1181,1216
495,490,501
480,490,476
490,495,476
484,494,501
490,484,501
484,490,480
484,480,471
957,942,931
957,968,942
957,973,968
942,978,959
968,978,942
978,979,959
816,868,869
927,942,959
658,678,636
1210,1221,1188
1195,1210,1188
1089,1097,1080
1097,1089,1098
1128,1132,1134
1070,1095,1020
1095,1070,1080
1097,1095,1080
1095,1097,1107
393,388,395
398,393,395
388,393,382
393,398,396
393,373,382
373,393,396
379,389,388
367,379,382
379,388,382
371,379,367
318,331,324
307,318,324
331,318,314
318,307,314
266,277,281
277,261,287
277,251,261
251,277,266
296,277,287
277,296,281
288,307,315
288,284,307
288,315,311
265,288,311
288,265,260
284,288,260
289,305,306
305,296,320
296,305,281
305,289,281
317,305,320
305,317,306
293,284,273
289,293,273
284,293,299
293,289,306
293,314,299
293,306,314
261,240,267
240,263,267
263,240,244
240,223,244
251,240,261
223,240,198
240,203,198
240,251,203
481,466,493
466,457,474
493,466,474
454,466,481
457,466,446
466,454,446
504,513,515
504,503,513
504,515,498
487,485,502
503,487,502
485,487,472
472,487,432
656,649,663
612,649,656
550,547,557
558,550,557
554,558,564
549,554,559
554,566,559
554,564,566
425,439,416
469,468,479
479,468,464
88,100,87
100,88,106
100,125,87
100,106,138
125,100,138
153,125,151
153,121,125
121,153,133
153,149,133
181,153,151
587,601,624
587,568,601
596,587,624
568,587,596
655,640,656
612,640,616
640,612,656
640,629,616
640,655,650
652,640,650
640,652,629
428,433,445
433,428,421
433,450,445
433,421,438
450,433,438
428,441,437
437,441,457
441,448,457
441,428,445
448,441,445
80,91,76
91,92,76
91,96,92
253,212,215
212,190,215
212,192,190
177,190,162
177,168,215
190,177,215
219,185,194
200,185,219
221,214,219
214,200,219
214,221,207
200,214,207
231,211,243
192,211,194
211,219,194
219,211,231
210,225,196
186,210,196
210,234,225
234,210,232
252,229,237
269,252,259
256,252,269
252,237,245
259,252,245
238,246,232
291,295,333
295,291,246
238,295,246
339,308,297
325,330,334
330,325,322
325,312,322
303,313,322
312,303,322
313,303,300
303,286,300
165,156,144
316,339,297
90,69,79
90,84,65
69,90,65
96,99,114
91,99,96
99,91,80
99,80,83
105,99,83
226,250,242
226,235,250
224,226,242
201,226,224
226,201,196
235,226,196
176,179,149
179,160,149
160,179,189
818,846,815
853,846,880
815,846,824
846,853,824
949,971,962
1009,1008,1017
1038,1037,1028
1037,1034,1028
1029,1017,1028
1034,1029,1028
1029,1009,1017
1009,1029,1036
1036,1029,1040
1029,1034,1040
1050,1057,1040
1057,1050,1058
1061,1041,1032
1041,1019,1032
966,939,928
950,939,966
977,967,966
967,950,966
967,977,963
950,967,963
1002,976,1018
976,956,1018
976,940,956
849,835,844
872,849,844
849,872,888
878,849,888
849,878,835
813,793,778
740,793,805
778,793,740
793,843,805
787,813,778
787,792,829
813,787,829
1019,1011,1004
1021,1011,1019
945,952,983
956,916,935
940,916,956
916,892,935
872,916,888
916,940,888
916,872,867
892,916,867
960,943,926
907,943,917
943,907,926
943,960,969
747,764,731
764,778,740
731,764,740
764,787,778
752,747,730
732,752,730
756,704,689
704,655,689
704,652,650
655,704,650
556,545,543
562,556,543
556,578,570
556,562,578
545,529,543
519,529,511
529,541,511
529,545,541
1083,1090,1078
1069,1083,1078
1083,1069,1072
1083,1072,1084
1090,1083,1084
1236,1226,1249
1236,1218,1226
1236,1249,1251
1221,1236,1251
1218,1236,1221
1190,1189,1176
1189,1210,1195
1163,1164,1190
1164,1172,1190
1172,1164,1155
1136,1143,1020
1095,1136,1020
484,486,494
486,478,492
494,486,492
478,486,471
486,484,471
1082,990,1020
990,977,1020
973,985,968
985,978,968
985,990,1082
978,985,979
985,1082,1051
979,985,1051
868,821,856
816,821,868
856,821,807
821,791,807
791,821,816
681,617,722
923,927,959
979,923,959
906,923,946
923,979,946
750,768,766
750,733,714
733,753,678
647,653,638
638,653,636
653,658,636
658,692,678
692,653,679
653,692,658
1168,1175,1188
1168,1188,1143
1154,1168,1143
1185,1195,1188
1175,1185,1188
1185,1175,1176
1189,1185,1176
1185,1189,1195
1166,1168,1154
1168,1166,1175
1166,1161,1176
1175,1166,1176
1097,1110,1107
1129,1128,1134
383,379,371
383,370,387
383,371,370
389,383,387
379,383,389
487,489,432
489,378,432
378,489,498
489,504,498
504,489,503
489,487,503
626,612,604
626,649,612
614,626,604
548,550,558
554,548,558
548,539,536
539,548,549
548,554,549
547,548,536
550,548,547
442,449,426
442,426,416
439,442,416
164,176,149
153,164,149
164,153,181
220,253,243
220,212,253
211,220,243
212,220,192
220,211,192
157,177,162
139,157,162
157,139,146
157,146,168
177,157,168
172,200,170
150,172,170
216,241,256
252,241,229
241,252,256
188,199,181
295,319,333
339,319,308
333,319,357
319,339,357
308,280,297
280,239,297
280,213,239
280,295,238
165,178,156
178,167,156
178,186,167
173,132,152
132,173,171
316,323,339
345,323,334
323,325,334
325,323,312
323,316,312
294,303,312
316,294,312
279,294,316
97,111,84
90,97,84
116,124,152
132,116,152
116,132,105
124,116,111
111,116,84
84,116,83
116,105,83
122,99,105
132,122,105
99,122,114
209,160,189
208,209,189
184,209,239
209,227,239
227,209,208
846,840,852
840,846,818
840,826,852
826,840,811
840,795,811
840,818,795
970,949,951
970,971,949
962,981,903
993,1009,997
993,992,1009
993,981,992
993,997,903
981,993,903
1000,1008,1009
992,1000,1009
1008,1000,998
1012,1008,998
1017,1012,1028
1008,1012,1017
1037,1044,1034
1034,1044,1040
1044,1050,1040
1049,1052,1058
1050,1049,1058
1049,1044,1037
1044,1049,1050
1026,1021,1019
1041,1026,1019
1026,1027,1021
1047,1048,1038
1048,1037,1038
1049,1048,1052
1048,1049,1037
1052,1059,1060
895,883,889
895,889,928
908,895,928
883,842,869
842,816,869
842,871,838
804,832,810
947,939,950
947,950,963
793,831,843
831,793,813
831,861,843
861,831,829
831,813,829
1025,1038,1028
1025,1027,1038
1012,1025,1028
989,965,969
975,965,989
952,986,983
986,976,1002
976,986,940
986,952,940
986,994,983
994,986,1002
940,922,898
952,922,940
922,952,945
922,945,926
891,922,926
898,922,878
922,891,878
765,770,803
792,765,803
765,752,732
769,764,747
752,769,747
764,769,787
787,769,792
769,765,792
765,769,752
741,756,770
765,741,770
741,765,732
691,643,646
691,696,643
691,711,696
653,661,679
661,653,647
675,661,660
644,647,633
622,644,633
644,661,647
661,644,660
662,644,622
644,662,660
675,662,668
662,675,660
551,556,570
556,551,545
560,551,570
545,551,541
551,560,541
529,530,543
526,530,519
530,529,519
1189,1206,1210
1206,1218,1221
1210,1206,1221
1218,1206,1190
1206,1189,1190
1161,1151,1163
1164,1151,1155
1151,1164,1163
977,972,963
990,972,977
662,659,668
617,659,586
659,617,657
659,622,586
659,662,622
698,728,699
698,675,668
675,698,699
862,879,857
879,881,857
845,870,822
875,845,827
796,782,768
768,782,766
782,786,766
786,782,822
782,796,822
758,775,768
750,758,768
775,758,744
720,750,714
749,750,766
749,733,750
749,766,767
753,749,767
733,749,753
692,700,678
700,692,714
700,733,678
733,700,714
1166,1149,1161
1149,1151,1161
1151,1149,1136
1149,1166,1154
1149,1154,1143
1136,1149,1143
1109,1097,1098
1109,1110,1097
1104,1109,1098
1109,1104,1124
1109,1121,1110
1132,1121,1124
1121,1109,1124
1129,1117,1128
1110,1117,1107
631,626,614
651,631,624
631,614,624
452,442,439
180,185,200
172,180,200
180,159,194
185,180,194
154,172,150
154,150,127
180,154,159
154,180,172
159,154,130
154,127,130
241,222,229
222,241,216
229,222,207
199,222,216
222,188,207
222,199,188
199,182,181
182,164,181
164,182,176
182,179,176
292,280,308
280,292,295
319,292,308
292,319,295
178,206,186
206,178,165
210,206,232
206,210,186
206,238,232
183,165,171
183,206,165
206,183,204
228,204,213
280,228,213
213,202,239
202,184,239
343,323,345
323,343,339
343,345,356
343,356,357
339,343,357
303,276,286
294,276,303
286,276,282
276,256,282
124,143,152
169,140,160
209,169,160
140,134,160
160,134,149
134,115,133
149,134,133
120,124,111
120,143,124
143,120,140
134,120,115
120,134,140
142,132,171
142,122,132
165,142,171
227,274,239
239,274,297
274,316,297
274,279,316
217,208,189
217,227,208
217,216,256
995,1012,998
970,995,971
981,988,992
988,1000,992
988,981,962
999,996,1003
996,975,989
996,1011,1003
996,989,1004
1011,996,1004
1026,1035,1027
1047,1035,1046
1035,1041,1046
1035,1026,1041
1035,1047,1038
1027,1035,1038
1048,1054,1052
1054,1059,1052
1054,1048,1047
1054,1047,1046
1059,1054,1064
1066,1073,1060
1059,1066,1060
1066,1059,1064
924,914,908
914,929,920
929,914,924
930,908,928
930,924,908
939,930,928
947,930,939
930,947,937
929,930,937
930,929,924
895,899,883
918,897,894
910,918,894
886,862,866
862,886,879
799,833,827
799,796,768
775,799,768
842,800,816
800,791,816
897,885,894
885,871,894
871,885,866
885,886,866
886,885,897
855,871,866
871,855,838
804,809,838
809,842,838
788,804,810
802,788,810
1025,1010,1027
932,965,938
943,932,917
932,943,969
965,932,969
932,852,917
965,955,938
955,965,975
964,955,975
654,670,646
670,691,646
718,704,756
741,718,756
691,718,711
718,732,711
718,741,732
686,675,699
661,686,679
675,686,661
534,530,526
530,534,543
533,534,526
543,534,542
534,533,542
1151,1135,1155
1135,1151,1136
1135,1095,1107
1135,1136,1095
1117,1135,1107
1135,1117,1129
961,980,973
972,980,961
980,972,990
980,985,973
985,980,990
954,944,937
972,954,963
954,972,961
944,954,961
954,947,963
947,954,937
936,957,931
703,681,722
809,779,794
746,745,761
673,659,657
673,688,702
659,672,668
672,673,702
673,672,659
832,836,810
836,802,810
802,836,830
915,881,879
886,915,879
942,915,931
927,915,942
875,874,906
881,874,857
874,875,827
833,874,827
873,845,875
873,906,905
873,875,906
845,873,870
901,873,905
870,873,901
796,823,822
823,845,822
845,823,827
823,799,827
799,823,796
1121,1119,1110
1119,1117,1110
1117,1119,1128
1128,1119,1132
1119,1121,1132
626,641,649
631,641,626
641,631,651
641,651,663
649,641,663
456,452,439
456,439,425
468,456,464
452,456,468
464,456,440
456,425,440
442,458,449
452,458,442
449,458,469
458,468,469
458,452,468
205,199,216
205,182,199
217,205,216
205,217,189
179,205,189
182,205,179
228,233,204
206,233,238
233,206,204
233,280,238
233,228,280
193,202,213
202,193,173
204,193,213
183,193,204
173,193,171
193,183,171
268,294,279
268,276,294
276,268,256
143,163,152
163,173,152
202,163,184
163,202,173
175,209,184
175,169,209
163,175,184
175,163,143
175,143,140
169,175,140
97,102,111
102,120,111
102,97,90
93,102,79
102,90,79
102,93,115
120,102,115
122,128,114
142,128,122
131,128,144
114,128,131
128,165,144
128,142,165
984,995,970
1000,987,998
988,987,1000
987,995,998
995,987,971
971,987,962
987,988,962
880,934,951
934,964,951
955,934,938
934,955,964
934,846,852
846,934,880
932,934,852
934,932,938
1055,1054,1046
1054,1055,1064
1064,1055,1061
1055,1041,1061
1041,1055,1046
1071,1086,1073
1066,1071,1073
1086,1071,1077
944,933,937
933,929,937
929,933,920
933,910,920
933,918,910
887,910,894
887,899,910
871,887,894
899,887,883
887,842,883
887,871,842
902,895,908
902,899,895
910,912,920
899,912,910
912,914,920
902,912,899
914,912,908
912,902,908
918,919,897
919,936,931
936,919,918
834,848,833
874,848,857
848,874,833
848,862,857
848,834,830
806,834,833
806,802,830
834,806,830
806,799,775
799,806,833
800,781,791
781,800,794
855,837,838
837,804,838
804,837,832
808,809,794
809,808,842
800,808,794
808,800,842
763,746,761
995,1006,1012
1006,1025,1012
1006,1010,1025
1010,1006,999
1006,984,999
984,1006,995
1005,999,1003
1005,1010,999
1011,1005,1003
670,687,691
718,687,704
687,718,691
687,670,654
687,654,652
704,687,652
708,686,699
1141,1148,1155
1135,1141,1155
1148,1141,1134
1141,1129,1134
1141,1135,1129
941,936,918
941,933,944
933,941,918
941,944,961
936,941,957
957,941,973
941,961,973
781,771,791
771,781,760
791,771,807
771,739,807
771,742,739
742,726,739
726,742,736
726,734,739
734,726,722
726,703,722
788,780,804
780,809,804
780,779,809
743,737,729
737,743,745
737,745,746
710,693,681
703,716,681
716,710,681
716,726,736
726,716,703
716,719,710
669,673,657
688,669,680
669,688,673
682,698,668
672,682,668
698,721,728
850,855,866
850,836,832
837,850,832
850,837,855
915,909,931
909,919,931
919,909,897
909,886,897
909,915,886
904,874,881
915,904,881
904,923,906
874,904,906
923,904,927
904,915,927
262,268,279
274,262,279
262,274,227
268,262,256
262,217,256
217,262,227
982,970,951
982,984,970
964,982,951
984,982,999
982,996,999
996,982,975
982,964,975
1074,1066,1064
1074,1071,1066
1071,1074,1077
1074,1061,1077
1074,1064,1061
851,848,830
848,851,862
836,851,830
850,851,836
862,851,866
851,850,866
777,781,794
781,777,760
785,788,802
806,785,802
1016,1011,1021
1016,1005,1011
1005,1016,1010
1027,1016,1021
1010,1016,1027
686,701,679
708,701,686
701,708,720
701,692,679
692,701,714
701,720,714
728,723,699
723,708,699
723,728,744
708,723,720
758,723,744
723,758,750
720,723,750
742,738,736
771,738,742
738,771,760
738,716,736
716,738,719
743,738,760
738,743,729
719,738,729
780,774,761
774,780,788
774,763,761
759,743,760
777,759,760
743,759,745
737,724,729
724,737,746
693,676,681
676,693,680
617,676,657
681,676,617
676,669,657
669,676,680
712,688,680
719,712,710
712,719,729
693,712,680
712,693,710
724,712,729
712,724,688
682,697,698
697,721,698
721,697,713
713,697,702
697,672,702
697,682,672
763,748,746
748,721,746
721,748,728
728,748,744
748,763,744
784,806,775
784,785,806
784,775,744
763,784,744
774,773,763
773,784,763
784,773,785
785,773,788
773,774,788
759,776,779
776,759,777
779,776,794
776,777,794
745,757,761
759,757,745
757,759,779
757,780,761
780,757,779
721,717,746
717,724,746
717,721,713
717,713,702
688,717,702
724,717,688
